,influencer_id,influencer_name,influencer_main_genre,influencer_active_start,follower_id,follower_name,follower_main_genre,follower_active_start
8664,286561,Robert Earl Keen,Folk,1980,134761,Pat Green,Country,1990
8583,888730,Odetta,Folk,1940,133969,Joan Armatrading,Pop/Rock,1970
36401,577531,Woody Guthrie,Folk,1930,838241,Van Dyke Parks,Pop/Rock,1960
17139,295545,Richie Havens,Folk,1960,290072,Roberta Flack,R&B;,1960
39755,391398,Ramblin' Jack Elliott,Folk,1950,939567,Buffalo Springfield,Pop/Rock,1960
33421,299882,Karen Dalton,Folk,1960,784811,Joanna Newsom,Pop/Rock,2000
39754,170815,Fred Neil,Folk,1960,939567,Buffalo Springfield,Pop/Rock,1960
33420,296815,Linda Perhacs,Folk,1970,784811,Joanna Newsom,Pop/Rock,2000
23977,796950,Elizabeth Cotten,Folk,1950,505532,Tim Hardin,Pop/Rock,1960
6797,536754,Burl Ives,Folk,1930,102050,The Kingston Trio,Folk,1950
12512,169202,Doc Watson,Folk,1940,192925,John Renbourn,Folk,1960
36310,74134,Ian & Sylvia,Folk,1950,837215,Lucinda Williams,Folk,1970
36306,577531,Woody Guthrie,Folk,1930,837150,Peggy Seeger,Folk,1950
41941,667584,Damien Rice,Folk,1990,2639628,Ed Sheeran,Pop/Rock,2000
23972,528221,Dave Van Ronk,Folk,1950,505532,Tim Hardin,Pop/Rock,1960
17134,69153,Joan Baez,Folk,1950,290072,Roberta Flack,R&B;,1960
13915,796950,Elizabeth Cotten,Folk,1950,217641,M. Ward,Pop/Rock,1990
28981,934721,Tom Paxton,Folk,1960,667794,Gordon Lightfoot,Folk,1950
17069,99561,The Incredible String Band,Folk,1960,288904,Richard & Linda Thompson,Pop/Rock,1970
8162,52900,The Lovin' Spoonful,Folk,1960,128266,Country Joe & the Fish,Pop/Rock,1960
2295,170815,Fred Neil,Folk,1960,32971,The Beautiful South,Pop/Rock,1980
17070,154533,Ewan MacColl,Folk,1940,288904,Richard & Linda Thompson,Pop/Rock,1970
3334,295545,Richie Havens,Folk,1960,46794,Ani DiFranco,Pop/Rock,1980
22776,934721,Tom Paxton,Folk,1960,483587,The Move,Pop/Rock,1960
23973,536754,Burl Ives,Folk,1930,505532,Tim Hardin,Pop/Rock,1960
12511,130115,Jackson C. Frank,Folk,1960,192925,John Renbourn,Folk,1960
23975,577531,Woody Guthrie,Folk,1930,505532,Tim Hardin,Pop/Rock,1960
33429,838559,Pentangle,Folk,1960,784811,Joanna Newsom,Pop/Rock,2000
33427,829267,Loreena McKennitt,Folk,1980,784811,Joanna Newsom,Pop/Rock,2000
35111,800426,Greg Brown,Folk,1980,808336,Ryan Adams,Pop/Rock,1990
3335,333634,Phil Ochs,Folk,1960,46794,Ani DiFranco,Pop/Rock,1980
13911,744796,Townes Van Zandt,Folk,1960,217641,M. Ward,Pop/Rock,1990
4035,102050,The Kingston Trio,Folk,1950,59293,The Mamas & the Papas,Pop/Rock,1960
29011,112540,Cisco Houston,Folk,1940,669015,Malvina Reynolds,Folk,1960
18644,266160,Pete Seeger,Folk,1930,328352,The New Christy Minstrels,Folk,1960
8164,223054,John Fahey,Folk,1950,128266,Country Joe & the Fish,Pop/Rock,1960
3327,69153,Joan Baez,Folk,1950,46794,Ani DiFranco,Pop/Rock,1980
36333,671156,Hazel Dickens,Folk,1950,837215,Lucinda Williams,Folk,1970
36334,744796,Townes Van Zandt,Folk,1960,837215,Lucinda Williams,Folk,1970
3338,577531,Woody Guthrie,Folk,1930,46794,Ani DiFranco,Pop/Rock,1980
18643,102050,The Kingston Trio,Folk,1950,328352,The New Christy Minstrels,Folk,1960
18642,796950,Elizabeth Cotten,Folk,1950,328288,Jerry Garcia,Pop/Rock,1960
21058,52900,The Lovin' Spoonful,Folk,1960,398259,New Riders of the Purple Sage,Pop/Rock,1960
29012,536754,Burl Ives,Folk,1930,669015,Malvina Reynolds,Folk,1960
20177,245019,Sandy Denny,Folk,1960,372322,Natalie Merchant,Pop/Rock,1980
8165,333634,Phil Ochs,Folk,1960,128266,Country Joe & the Fish,Pop/Rock,1960
6798,577531,Woody Guthrie,Folk,1930,102050,The Kingston Trio,Folk,1950
3337,536754,Burl Ives,Folk,1930,46794,Ani DiFranco,Pop/Rock,1980
18639,330967,The New Lost City Ramblers,Folk,1950,328288,Jerry Garcia,Pop/Rock,1960
3332,227487,John Gorka,Folk,1980,46794,Ani DiFranco,Pop/Rock,1980
6794,231645,Jean Ritchie,Folk,1940,102050,The Kingston Trio,Folk,1950
6795,266160,Pete Seeger,Folk,1930,102050,The Kingston Trio,Folk,1950
33411,24568,Shirley Collins,Folk,1950,784811,Joanna Newsom,Pop/Rock,2000
8166,577531,Woody Guthrie,Folk,1930,128266,Country Joe & the Fish,Pop/Rock,1960
28978,577531,Woody Guthrie,Folk,1930,667794,Gordon Lightfoot,Folk,1950
15522,626268,Buffy Sainte-Marie,Folk,1950,248798,Judee Sill,Pop/Rock,1970
20141,677352,Dar Williams,Folk,1990,370326,Sara Bareilles,Pop/Rock,2000
38812,102050,The Kingston Trio,Folk,1950,922728,ABBA,Pop/Rock,1970
15088,295545,Richie Havens,Folk,1960,240665,Jeff Buckley,Pop/Rock,1990
18647,577531,Woody Guthrie,Folk,1930,328352,The New Christy Minstrels,Folk,1960
28971,52900,The Lovin' Spoonful,Folk,1960,667794,Gordon Lightfoot,Folk,1950
33475,286561,Robert Earl Keen,Folk,1980,785357,James McMurtry,Pop/Rock,1980
27222,52900,The Lovin' Spoonful,Folk,1960,612716,Tom Petty,Pop/Rock,1970
17071,223054,John Fahey,Folk,1950,288904,Richard & Linda Thompson,Pop/Rock,1970
9902,577531,Woody Guthrie,Folk,1930,156043,Discharge,Pop/Rock,1970
28973,74134,Ian & Sylvia,Folk,1950,667794,Gordon Lightfoot,Folk,1950
17072,756656,Bert Jansch,Folk,1960,288904,Richard & Linda Thompson,Pop/Rock,1970
28974,170815,Fred Neil,Folk,1960,667794,Gordon Lightfoot,Folk,1950
13906,607804,Alan Lomax,Folk,1930,217641,M. Ward,Pop/Rock,1990
28975,333634,Phil Ochs,Folk,1960,667794,Gordon Lightfoot,Folk,1950
18634,154533,Ewan MacColl,Folk,1940,328288,Jerry Garcia,Pop/Rock,1960
13903,223054,John Fahey,Folk,1950,217641,M. Ward,Pop/Rock,1990
18635,169202,Doc Watson,Folk,1940,328288,Jerry Garcia,Pop/Rock,1960
33414,99561,The Incredible String Band,Folk,1960,784811,Joanna Newsom,Pop/Rock,2000
4040,274321,"Peter, Paul and Mary",Folk,1960,59293,The Mamas & the Papas,Pop/Rock,1960
15083,170815,Fred Neil,Folk,1960,240665,Jeff Buckley,Pop/Rock,1990
3325,32366,Steve Goodman,Folk,1960,46794,Ani DiFranco,Pop/Rock,1980
28976,391398,Ramblin' Jack Elliott,Folk,1950,667794,Gordon Lightfoot,Folk,1950
15401,838559,Pentangle,Folk,1960,246032,Devendra Banhart,Pop/Rock,2000
29013,577531,Woody Guthrie,Folk,1930,669015,Malvina Reynolds,Folk,1960
33413,99104,Vashti Bunyan,Folk,1960,784811,Joanna Newsom,Pop/Rock,2000
18646,536754,Burl Ives,Folk,1930,328352,The New Christy Minstrels,Folk,1960
15519,69153,Joan Baez,Folk,1950,248798,Judee Sill,Pop/Rock,1970
15097,791120,The Roches,Folk,1970,240665,Jeff Buckley,Pop/Rock,1990
13429,296815,Linda Perhacs,Folk,1970,208303,Jane Siberry,Pop/Rock,1980
6654,814036,Davy Graham,Folk,1960,99561,The Incredible String Band,Folk,1960
3162,266160,Pete Seeger,Folk,1930,45077,Leo Kottke,Folk,1960
27355,20319,Shel Silverstein,Folk,1960,616664,Todd Snider,Pop/Rock,1980
8316,333634,Phil Ochs,Folk,1960,130115,Jackson C. Frank,Folk,1960
27358,282766,Loudon Wainwright III,Folk,1970,616664,Todd Snider,Pop/Rock,1980
8317,391398,Ramblin' Jack Elliott,Folk,1950,130115,Jackson C. Frank,Folk,1960
3164,536754,Burl Ives,Folk,1930,45077,Leo Kottke,Folk,1960
4217,487271,Mike Seeger,Folk,1950,61912,Bill Evans,Country,1990
3166,756656,Bert Jansch,Folk,1960,45077,Leo Kottke,Folk,1960
10253,24568,Shirley Collins,Folk,1950,162233,Fairport Convention,Pop/Rock,1960
10257,74134,Ian & Sylvia,Folk,1950,162233,Fairport Convention,Pop/Rock,1960
10258,130115,Jackson C. Frank,Folk,1960,162233,Fairport Convention,Pop/Rock,1960
10259,154533,Ewan MacColl,Folk,1940,162233,Fairport Convention,Pop/Rock,1960
16941,744796,Townes Van Zandt,Folk,1960,286561,Robert Earl Keen,Folk,1980
10265,814036,Davy Graham,Folk,1960,162233,Fairport Convention,Pop/Rock,1960
1099,295545,Richie Havens,Folk,1960,16281,Tracy Chapman,Pop/Rock,1980
3167,814036,Davy Graham,Folk,1960,45077,Leo Kottke,Folk,1960
1102,626268,Buffy Sainte-Marie,Folk,1950,16281,Tracy Chapman,Pop/Rock,1980
8314,170815,Fred Neil,Folk,1960,130115,Jackson C. Frank,Folk,1960
22785,52900,The Lovin' Spoonful,Folk,1960,484145,The Partridge Family,Pop/Rock,1960
10234,282766,Loudon Wainwright III,Folk,1970,162197,Ben Folds,Pop/Rock,1990
8310,744796,Townes Van Zandt,Folk,1960,130037,Cross Canadian Ragweed,Country,1990
18805,577531,Woody Guthrie,Folk,1930,333634,Phil Ochs,Folk,1960
18807,888730,Odetta,Folk,1940,333634,Phil Ochs,Folk,1960
18808,894664,Oscar Brand,Folk,1940,333634,Phil Ochs,Folk,1960
15427,837215,Lucinda Williams,Folk,1970,246169,Whiskeytown,Pop/Rock,1990
39683,536754,Burl Ives,Folk,1930,937703,The Brothers Four,Folk,1950
39682,266160,Pete Seeger,Folk,1930,937703,The Brothers Four,Folk,1950
16978,169202,Doc Watson,Folk,1940,286662,Sam Bush,Country,1960
39681,146088,The Easy Riders,Folk,1950,937703,The Brothers Four,Folk,1950
1104,888730,Odetta,Folk,1940,16281,Tracy Chapman,Pop/Rock,1980
30005,294923,Judy Collins,Folk,1950,696015,Phoebe Snow,Pop/Rock,1970
3158,169202,Doc Watson,Folk,1940,45077,Leo Kottke,Folk,1960
3159,192925,John Renbourn,Folk,1960,45077,Leo Kottke,Folk,1960
6441,577531,Woody Guthrie,Folk,1930,97182,Christy Moore,International,1960
6440,154533,Ewan MacColl,Folk,1940,97182,Christy Moore,International,1960
8306,32366,Steve Goodman,Folk,1960,130037,Cross Canadian Ragweed,Country,1990
3160,223054,John Fahey,Folk,1950,45077,Leo Kottke,Folk,1960
21714,223054,John Fahey,Folk,1950,422658,The Six Parts Seven,Pop/Rock,1990
18826,266160,Pete Seeger,Folk,1930,333766,New Model Army,Pop/Rock,1980
39680,112540,Cisco Houston,Folk,1940,937703,The Brothers Four,Folk,1950
18803,536754,Burl Ives,Folk,1930,333634,Phil Ochs,Folk,1960
13114,487271,Mike Seeger,Folk,1950,202033,Tony Trischka,Country,1970
36643,196969,John Martyn,Folk,1960,842802,Peter Gabriel,Pop/Rock,1970
29094,342768,Roscoe Holcomb,Folk,1950,671156,Hazel Dickens,Folk,1950
8381,52900,The Lovin' Spoonful,Folk,1960,130932,Crazy Horse,Pop/Rock,1960
14985,227487,John Gorka,Folk,1980,239827,John Mayer,Pop/Rock,1990
29096,577531,Woody Guthrie,Folk,1930,671156,Hazel Dickens,Folk,1950
8424,74134,Ian & Sylvia,Folk,1950,131581,"Crosby, Stills & Nash",Pop/Rock,1960
8421,52900,The Lovin' Spoonful,Folk,1960,131581,"Crosby, Stills & Nash",Pop/Rock,1960
17907,744796,Townes Van Zandt,Folk,1960,307875,Nanci Griffith,Country,1970
38610,99561,The Incredible String Band,Folk,1960,919603,Animal Collective,Pop/Rock,1990
38609,99104,Vashti Bunyan,Folk,1960,919603,Animal Collective,Pop/Rock,1990
29913,577531,Woody Guthrie,Folk,1930,689836,Joel Rafael,Folk,1970
29912,391398,Ramblin' Jack Elliott,Folk,1950,689836,Joel Rafael,Folk,1970
21169,756656,Bert Jansch,Folk,1960,401287,Mazzy Star,Pop/Rock,1980
21171,838559,Pentangle,Folk,1960,401287,Mazzy Star,Pop/Rock,1980
10350,99561,The Incredible String Band,Folk,1960,162943,Cass McCombs,Pop/Rock,2000
10356,394449,Michael Hurley,Folk,1960,162943,Cass McCombs,Pop/Rock,2000
36718,391398,Ramblin' Jack Elliott,Folk,1950,845468,Jerry Jeff Walker,Country,1960
40700,102050,The Kingston Trio,Folk,1950,987491,Gram Parsons,Pop/Rock,1960
28735,223054,John Fahey,Folk,1950,663645,Bon Iver,Pop/Rock,2000
28736,296815,Linda Perhacs,Folk,1970,663645,Bon Iver,Pop/Rock,2000
8367,169202,Doc Watson,Folk,1940,130855,Tony Rice,Country,1970
8364,45077,Leo Kottke,Folk,1960,130855,Tony Rice,Country,1970
13111,45077,Leo Kottke,Folk,1960,202033,Tony Trischka,Country,1970
28723,99561,The Incredible String Band,Folk,1960,663255,The Dodos,Pop/Rock,2000
8344,52900,The Lovin' Spoonful,Folk,1960,130689,Jackson Browne,Pop/Rock,1960
6376,888730,Odetta,Folk,1940,96613,Bonnie Raitt,Pop/Rock,1960
24506,169202,Doc Watson,Folk,1940,528221,Dave Van Ronk,Folk,1950
24508,266160,Pete Seeger,Folk,1930,528221,Dave Van Ronk,Folk,1950
6368,528221,Dave Van Ronk,Folk,1950,96613,Bonnie Raitt,Pop/Rock,1960
24510,577531,Woody Guthrie,Folk,1930,528221,Dave Van Ronk,Folk,1950
23136,154533,Ewan MacColl,Folk,1940,489876,The Pogues,Pop/Rock,1980
17896,69153,Joan Baez,Folk,1950,307875,Nanci Griffith,Country,1970
8349,517264,Tom Rush,Folk,1960,130689,Jackson Browne,Pop/Rock,1960
8353,934721,Tom Paxton,Folk,1960,130689,Jackson Browne,Pop/Rock,1960
24511,607804,Alan Lomax,Folk,1930,528221,Dave Van Ronk,Folk,1950
17900,245019,Sandy Denny,Folk,1960,307875,Nanci Griffith,Country,1970
24512,796950,Elizabeth Cotten,Folk,1950,528221,Dave Van Ronk,Folk,1950
24513,813092,John Jacob Niles,Folk,1930,528221,Dave Van Ronk,Folk,1950
34906,223054,John Fahey,Folk,1950,806601,Charlie Hunter,Jazz,1990
10318,671156,Hazel Dickens,Folk,1950,162487,Dixie Chicks,Country,1980
8346,170815,Fred Neil,Folk,1960,130689,Jackson Browne,Pop/Rock,1960
18802,528221,Dave Van Ronk,Folk,1950,333634,Phil Ochs,Folk,1960
39684,577531,Woody Guthrie,Folk,1930,937703,The Brothers Four,Folk,1950
18800,266160,Pete Seeger,Folk,1930,333634,Phil Ochs,Folk,1960
3079,266160,Pete Seeger,Folk,1930,44703,Sweet Honey in the Rock,Religious,1970
36452,24568,Shirley Collins,Folk,1950,838414,June Tabor,Folk,1970
36453,69153,Joan Baez,Folk,1950,838414,June Tabor,Folk,1970
36454,154533,Ewan MacColl,Folk,1940,838414,June Tabor,Folk,1970
36455,192925,John Renbourn,Folk,1960,838414,June Tabor,Folk,1970
36456,245019,Sandy Denny,Folk,1960,838414,June Tabor,Folk,1970
36457,294923,Judy Collins,Folk,1950,838414,June Tabor,Folk,1970
36458,332641,Nic Jones,Folk,1960,838414,June Tabor,Folk,1970
36460,746068,Steeleye Span,Folk,1970,838414,June Tabor,Folk,1970
36461,837150,Peggy Seeger,Folk,1950,838414,June Tabor,Folk,1970
38776,577531,Woody Guthrie,Folk,1930,922200,Violent Femmes,Pop/Rock,1980
6594,838559,Pentangle,Folk,1960,99104,Vashti Bunyan,Folk,1960
6593,814036,Davy Graham,Folk,1960,99104,Vashti Bunyan,Folk,1960
6590,69153,Joan Baez,Folk,1950,99104,Vashti Bunyan,Folk,1960
6588,24568,Shirley Collins,Folk,1950,99104,Vashti Bunyan,Folk,1960
36475,130115,Jackson C. Frank,Folk,1960,838559,Pentangle,Folk,1960
36476,154533,Ewan MacColl,Folk,1940,838559,Pentangle,Folk,1960
2247,231645,Jean Ritchie,Folk,1940,31969,The Be Good Tanyas,Pop/Rock,1990
39728,837215,Lucinda Williams,Folk,1970,939033,Sunny Sweeney,Country,2000
10083,671156,Hazel Dickens,Folk,1950,159699,Emmylou Harris,Country,1960
3075,245019,Sandy Denny,Folk,1960,44663,Angela McCluskey,Pop/Rock,2000
23969,170815,Fred Neil,Folk,1960,505532,Tim Hardin,Pop/Rock,1960
6652,528221,Dave Van Ronk,Folk,1950,99561,The Incredible String Band,Folk,1960
6650,391398,Ramblin' Jack Elliott,Folk,1950,99561,The Incredible String Band,Folk,1960
17036,330967,The New Lost City Ramblers,Folk,1950,287917,Lindsey Buckingham,Pop/Rock,1960
10069,69153,Joan Baez,Folk,1950,159699,Emmylou Harris,Country,1960
36423,169202,Doc Watson,Folk,1940,838300,June Carter Cash,Country,1950
20122,245019,Sandy Denny,Folk,1960,369955,Kathryn Williams,Pop/Rock,2000
36427,231645,Jean Ritchie,Folk,1940,838300,June Carter Cash,Country,1950
36477,196969,John Martyn,Folk,1960,838559,Pentangle,Folk,1960
20119,99104,Vashti Bunyan,Folk,1960,369955,Kathryn Williams,Pop/Rock,2000
10073,170815,Fred Neil,Folk,1960,159699,Emmylou Harris,Country,1960
2262,577531,Woody Guthrie,Folk,1930,32366,Steve Goodman,Folk,1960
22127,99561,The Incredible String Band,Folk,1960,467444,Of Montreal,Pop/Rock,1990
18715,342768,Roscoe Holcomb,Folk,1950,330967,The New Lost City Ramblers,Folk,1950
18716,577531,Woody Guthrie,Folk,1930,330967,The New Lost City Ramblers,Folk,1950
2261,517264,Tom Rush,Folk,1960,32366,Steve Goodman,Folk,1960
17035,102050,The Kingston Trio,Folk,1950,287917,Lindsey Buckingham,Pop/Rock,1960
2260,333634,Phil Ochs,Folk,1960,32366,Steve Goodman,Folk,1960
2266,934721,Tom Paxton,Folk,1960,32366,Steve Goodman,Folk,1960
3081,577531,Woody Guthrie,Folk,1930,44703,Sweet Honey in the Rock,Religious,1970
6571,286561,Robert Earl Keen,Folk,1980,98688,Jack Ingram,Country,1990
36480,814036,Davy Graham,Folk,1960,838559,Pentangle,Folk,1960
20624,487271,Mike Seeger,Folk,1950,387352,Norman Blake,Country,1950
23948,333634,Phil Ochs,Folk,1960,504815,Art Garfunkel,Pop/Rock,1950
20060,282766,Loudon Wainwright III,Folk,1970,367231,Martha Wainwright,Pop/Rock,2000
33219,813092,John Jacob Niles,Folk,1930,781094,The Clancy Brothers,International,1950
33218,577531,Woody Guthrie,Folk,1930,781094,The Clancy Brothers,International,1950
6500,577531,Woody Guthrie,Folk,1930,97786,BoySetsFire,Pop/Rock,1990
33217,536754,Burl Ives,Folk,1930,781094,The Clancy Brothers,International,1950
21913,274321,"Peter, Paul and Mary",Folk,1960,450991,The Weepies,Pop/Rock,2000
15793,577531,Woody Guthrie,Folk,1930,254215,Wilco,Pop/Rock,1990
39623,154533,Ewan MacColl,Folk,1940,936946,Tommy Makem,International,1950
2216,130115,Jackson C. Frank,Folk,1960,31685,Paul Simon,Pop/Rock,1950
39624,266160,Pete Seeger,Folk,1930,936946,Tommy Makem,International,1950
2203,744796,Townes Van Zandt,Folk,1960,31606,Smog,Pop/Rock,1990
2201,394449,Michael Hurley,Folk,1960,31606,Smog,Pop/Rock,1990
39625,577531,Woody Guthrie,Folk,1930,936946,Tommy Makem,International,1950
39626,837150,Peggy Seeger,Folk,1950,936946,Tommy Makem,International,1950
16983,671156,Hazel Dickens,Folk,1950,286662,Sam Bush,Country,1960
18798,112540,Cisco Houston,Folk,1940,333634,Phil Ochs,Folk,1960
33216,231645,Jean Ritchie,Folk,1940,781094,The Clancy Brothers,International,1950
23971,328352,The New Christy Minstrels,Folk,1960,505532,Tim Hardin,Pop/Rock,1960
20618,169202,Doc Watson,Folk,1940,387352,Norman Blake,Country,1950
2218,170815,Fred Neil,Folk,1960,31685,Paul Simon,Pop/Rock,1950
2232,756656,Bert Jansch,Folk,1960,31685,Paul Simon,Pop/Rock,1950
2227,528221,Dave Van Ronk,Folk,1950,31685,Paul Simon,Pop/Rock,1950
33249,746068,Steeleye Span,Folk,1970,781732,Clannad,International,1970
36514,52900,The Lovin' Spoonful,Folk,1960,840102,Jefferson Airplane,Pop/Rock,1960
36516,69153,Joan Baez,Folk,1950,840102,Jefferson Airplane,Pop/Rock,1960
36517,170815,Fred Neil,Folk,1960,840102,Jefferson Airplane,Pop/Rock,1960
36518,274321,"Peter, Paul and Mary",Folk,1960,840102,Jefferson Airplane,Pop/Rock,1960
33246,99561,The Incredible String Band,Folk,1960,781732,Clannad,International,1970
8234,223054,John Fahey,Folk,1950,129308,The Durutti Column,Pop/Rock,1970
3082,626268,Buffy Sainte-Marie,Folk,1950,44703,Sweet Honey in the Rock,Religious,1970
39577,626268,Buffy Sainte-Marie,Folk,1950,936190,Stevie Nicks,Pop/Rock,1960
30035,230111,David Wilcox,Folk,1980,701790,Brandon Heath,Religious,2000
20066,855405,Kate & Anna McGarrigle,Folk,1970,367231,Martha Wainwright,Pop/Rock,2000
3084,888730,Odetta,Folk,1940,44703,Sweet Honey in the Rock,Religious,1970
20064,791120,The Roches,Folk,1970,367231,Martha Wainwright,Pop/Rock,2000
34751,577531,Woody Guthrie,Folk,1930,804431,Dropkick Murphys,Pop/Rock,1990
42365,577531,Woody Guthrie,Folk,1930,3172484,George Ezra,Pop/Rock,2010
16999,170815,Fred Neil,Folk,1960,287350,Mark Lanegan,Pop/Rock,1980
3083,669015,Malvina Reynolds,Folk,1960,44703,Sweet Honey in the Rock,Religious,1970
39763,934721,Tom Paxton,Folk,1960,939567,Buffalo Springfield,Pop/Rock,1960
39492,813092,John Jacob Niles,Folk,1930,934721,Tom Paxton,Folk,1960
34631,299882,Karen Dalton,Folk,1960,803009,Cat Power,Pop/Rock,1990
936,855405,Kate & Anna McGarrigle,Folk,1970,14201,Spirit of the West,Folk,1980
17606,888730,Odetta,Folk,1940,299882,Karen Dalton,Folk,1960
23731,294923,Judy Collins,Folk,1950,501081,"10,000 Maniacs",Pop/Rock,1980
35671,829267,Loreena McKennitt,Folk,1980,818576,Deva Premal,New Age,2000
26060,888730,Odetta,Folk,1940,579234,Rhiannon Giddens,Country,2010
39942,800426,Greg Brown,Folk,1980,944293,Calexico,Pop/Rock,1990
35677,99561,The Incredible String Band,Folk,1960,818702,Grizzly Bear,Pop/Rock,2000
23728,245019,Sandy Denny,Folk,1960,501081,"10,000 Maniacs",Pop/Rock,1980
17605,796950,Elizabeth Cotten,Folk,1950,299882,Karen Dalton,Folk,1960
3734,294923,Judy Collins,Folk,1950,51909,Carpenters,Pop/Rock,1960
23721,24568,Shirley Collins,Folk,1950,501081,"10,000 Maniacs",Pop/Rock,1980
34046,888730,Odetta,Folk,1940,792733,Ben Harper,Pop/Rock,1990
15275,286561,Robert Earl Keen,Folk,1980,243418,Wayne Hancock,Country,1990
12711,888730,Odetta,Folk,1940,194743,Grace Slick,Pop/Rock,1960
12708,626268,Buffy Sainte-Marie,Folk,1950,194743,Grace Slick,Pop/Rock,1960
34038,295545,Richie Havens,Folk,1960,792733,Ben Harper,Pop/Rock,1990
39937,551465,Gillian Welch,Folk,1990,944293,Calexico,Pop/Rock,1990
24187,154533,Ewan MacColl,Folk,1940,516706,Tommy Collins,Country,1950
23725,69153,Joan Baez,Folk,1950,501081,"10,000 Maniacs",Pop/Rock,1980
23736,746068,Steeleye Span,Folk,1970,501081,"10,000 Maniacs",Pop/Rock,1980
23738,838559,Pentangle,Folk,1960,501081,"10,000 Maniacs",Pop/Rock,1980
24178,577531,Woody Guthrie,Folk,1930,515628,Tom T. Hall,Country,1960
42156,667584,Damien Rice,Folk,1990,2873356,The Lumineers,Pop/Rock,2000
20376,342768,Roscoe Holcomb,Folk,1950,379125,Neil Young,Pop/Rock,1960
7504,756656,Bert Jansch,Folk,1960,117490,Chris Smither,Pop/Rock,1970
7503,528221,Dave Van Ronk,Folk,1950,117490,Chris Smither,Pop/Rock,1970
15326,294923,Judy Collins,Folk,1950,245019,Sandy Denny,Folk,1960
15327,299882,Karen Dalton,Folk,1960,245019,Sandy Denny,Folk,1960
7499,170815,Fred Neil,Folk,1960,117490,Chris Smither,Pop/Rock,1970
22025,487271,Mike Seeger,Folk,1950,461737,Old & In the Way,Country,1970
17477,149166,Carolyn Hester,Folk,1950,296815,Linda Perhacs,Folk,1970
20375,333634,Phil Ochs,Folk,1960,379125,Neil Young,Pop/Rock,1960
9247,796950,Elizabeth Cotten,Folk,1950,143749,fIREHOSE,Pop/Rock,1980
3716,829267,Loreena McKennitt,Folk,1980,51603,Charlotte Church,Classical,1990
17475,69153,Joan Baez,Folk,1950,296815,Linda Perhacs,Folk,1970
17604,577531,Woody Guthrie,Folk,1930,299882,Karen Dalton,Folk,1960
8954,192925,John Renbourn,Folk,1960,139026,Led Zeppelin,Pop/Rock,1960
17473,24568,Shirley Collins,Folk,1950,296815,Linda Perhacs,Folk,1970
24176,391398,Ramblin' Jack Elliott,Folk,1950,515628,Tom T. Hall,Country,1960
39956,577531,Woody Guthrie,Folk,1930,944310,George Jones,Country,1950
20364,74134,Ian & Sylvia,Folk,1950,379125,Neil Young,Pop/Rock,1960
12707,249420,Judy Henske,Folk,1960,194743,Grace Slick,Pop/Rock,1960
17602,391398,Ramblin' Jack Elliott,Folk,1950,299882,Karen Dalton,Folk,1960
12706,149166,Carolyn Hester,Folk,1950,194743,Grace Slick,Pop/Rock,1960
3797,169202,Doc Watson,Folk,1940,52900,The Lovin' Spoonful,Folk,1960
28572,295545,Richie Havens,Folk,1960,658346,Gil Scott-Heron,R&B;,1960
9390,52900,The Lovin' Spoonful,Folk,1960,147635,Carly Simon,Pop/Rock,1970
23667,20319,Shel Silverstein,Folk,1960,500612,Adam Sandler,Comedy/Spoken,1980
18141,52900,The Lovin' Spoonful,Folk,1960,314600,Love,Pop/Rock,1960
18375,577531,Woody Guthrie,Folk,1930,319956,Company,Pop/Rock,2000
30580,154533,Ewan MacColl,Folk,1940,746068,Steeleye Span,Folk,1970
9395,294923,Judy Collins,Folk,1950,147635,Carly Simon,Pop/Rock,1970
35328,837215,Lucinda Williams,Folk,1970,812476,Jenny Lewis,Pop/Rock,1990
40221,99561,The Incredible String Band,Folk,1960,949619,Gong,Pop/Rock,1960
13286,837215,Lucinda Williams,Folk,1970,205442,Amy Millan,Pop/Rock,2000
30583,756656,Bert Jansch,Folk,1960,746068,Steeleye Span,Folk,1970
35324,551465,Gillian Welch,Folk,1990,812476,Jenny Lewis,Pop/Rock,1990
20287,837215,Lucinda Williams,Folk,1970,376793,Brandi Carlile,Pop/Rock,2000
34425,99104,Vashti Bunyan,Folk,1960,798658,EmilÃ­ana Torrini,Pop/Rock,1990
33895,927736,Arlo Guthrie,Folk,1960,791120,The Roches,Folk,1970
7887,394449,Michael Hurley,Folk,1960,124492,Beck,Pop/Rock,1990
33892,299882,Karen Dalton,Folk,1960,791120,The Roches,Folk,1970
33891,266160,Pete Seeger,Folk,1930,791120,The Roches,Folk,1970
854,294923,Judy Collins,Folk,1950,13387,Shawn Colvin,Pop/Rock,1970
17409,170815,Fred Neil,Folk,1960,295545,Richie Havens,Folk,1960
17626,24568,Shirley Collins,Folk,1950,300245,Rick Wakeman,Pop/Rock,1960
20308,52900,The Lovin' Spoonful,Folk,1960,377908,NRBQ,Pop/Rock,1960
13528,69153,Joan Baez,Folk,1950,210512,Janie Fricke,Country,1970
3798,170815,Fred Neil,Folk,1960,52900,The Lovin' Spoonful,Folk,1960
26013,342768,Roscoe Holcomb,Folk,1950,577720,The Stanley Brothers,Country,1940
3800,528221,Dave Van Ronk,Folk,1950,52900,The Lovin' Spoonful,Folk,1960
12705,69153,Joan Baez,Folk,1950,194743,Grace Slick,Pop/Rock,1960
28587,286561,Robert Earl Keen,Folk,1980,659299,Gary Allan,Country,1990
13534,294923,Judy Collins,Folk,1950,210512,Janie Fricke,Country,1970
40162,196969,John Martyn,Folk,1960,948625,Gomez,Pop/Rock,1990
36720,577531,Woody Guthrie,Folk,1930,845468,Jerry Jeff Walker,Country,1960
31055,223054,John Fahey,Folk,1950,751604,Slint,Pop/Rock,1990
2650,266160,Pete Seeger,Folk,1930,37931,The Alarm,Pop/Rock,1980
2645,171693,Victor Jara,Folk,1950,37794,Silvio RodrÃ­guez,Latin,1960
24234,266160,Pete Seeger,Folk,1930,517264,Tom Rush,Folk,1960
24235,577531,Woody Guthrie,Folk,1930,517264,Tom Rush,Folk,1960
17416,888730,Odetta,Folk,1940,295545,Richie Havens,Folk,1960
17414,577531,Woody Guthrie,Folk,1930,295545,Richie Havens,Folk,1960
17413,528221,Dave Van Ronk,Folk,1950,295545,Richie Havens,Folk,1960
30571,169202,Doc Watson,Folk,1940,746010,Spirit,Pop/Rock,1960
17411,266160,Pete Seeger,Folk,1930,295545,Richie Havens,Folk,1960
498,328352,The New Christy Minstrels,Folk,1960,8245,Spanky & Our Gang,Pop/Rock,1960
39412,130115,Jackson C. Frank,Folk,1960,933883,Al Stewart,Pop/Rock,1960
24168,391398,Ramblin' Jack Elliott,Folk,1950,515156,Tom Russell,Folk,1970
24165,74134,Ian & Sylvia,Folk,1950,515156,Tom Russell,Folk,1970
39233,837215,Lucinda Williams,Folk,1970,927795,Tift Merritt,Country,1990
15320,130115,Jackson C. Frank,Folk,1960,245019,Sandy Denny,Folk,1960
30455,169202,Doc Watson,Folk,1940,744796,Townes Van Zandt,Folk,1960
20430,837215,Lucinda Williams,Folk,1970,381371,Neko Case,Pop/Rock,1990
26098,756656,Bert Jansch,Folk,1960,580300,Sufjan Stevens,Pop/Rock,1990
13461,74134,Ian & Sylvia,Folk,1950,208893,Vetiver,Pop/Rock,2000
13462,99104,Vashti Bunyan,Folk,1960,208893,Vetiver,Pop/Rock,2000
30456,170815,Fred Neil,Folk,1960,744796,Townes Van Zandt,Folk,1960
41836,196969,John Martyn,Folk,1960,2518402,Gigi Masin,Electronic,1980
13464,282766,Loudon Wainwright III,Folk,1970,208893,Vetiver,Pop/Rock,2000
26090,223054,John Fahey,Folk,1950,580300,Sufjan Stevens,Pop/Rock,1990
20428,800426,Greg Brown,Folk,1980,381371,Neko Case,Pop/Rock,1990
39220,577531,Woody Guthrie,Folk,1930,927736,Arlo Guthrie,Folk,1960
39218,536754,Burl Ives,Folk,1930,927736,Arlo Guthrie,Folk,1960
39217,266160,Pete Seeger,Folk,1930,927736,Arlo Guthrie,Folk,1960
39216,231645,Jean Ritchie,Folk,1940,927736,Arlo Guthrie,Folk,1960
39215,112540,Cisco Houston,Folk,1940,927736,Arlo Guthrie,Folk,1960
39214,69153,Joan Baez,Folk,1950,927736,Arlo Guthrie,Folk,1960
13465,296815,Linda Perhacs,Folk,1970,208893,Vetiver,Pop/Rock,2000
12776,130115,Jackson C. Frank,Folk,1960,196969,John Martyn,Folk,1960
12777,154533,Ewan MacColl,Folk,1940,196969,John Martyn,Folk,1960
34155,99104,Vashti Bunyan,Folk,1960,794161,CocoRosie,Pop/Rock,2000
26819,744796,Townes Van Zandt,Folk,1960,600640,Tindersticks,Pop/Rock,1990
12809,837215,Lucinda Williams,Folk,1970,196976,Gretchen Wilson,Country,2000
13434,855405,Kate & Anna McGarrigle,Folk,1970,208303,Jane Siberry,Pop/Rock,1980
2780,814036,Davy Graham,Folk,1960,38936,Simon & Garfunkel,Pop/Rock,1950
2779,756656,Bert Jansch,Folk,1960,38936,Simon & Garfunkel,Pop/Rock,1950
2776,528221,Dave Van Ronk,Folk,1950,38936,Simon & Garfunkel,Pop/Rock,1950
2771,130115,Jackson C. Frank,Folk,1960,38936,Simon & Garfunkel,Pop/Rock,1950
40062,99561,The Incredible String Band,Folk,1960,946563,Ghost,Pop/Rock,1980
26810,196969,John Martyn,Folk,1960,600640,Tindersticks,Pop/Rock,1990
15318,69153,Joan Baez,Folk,1950,245019,Sandy Denny,Folk,1960
41794,528221,Dave Van Ronk,Folk,1950,2495841,The Head and the Heart,Pop/Rock,2000
17519,74134,Ian & Sylvia,Folk,1950,297894,Poco,Pop/Rock,1960
17517,52900,The Lovin' Spoonful,Folk,1960,297894,Poco,Pop/Rock,1960
41793,517264,Tom Rush,Folk,1960,2495841,The Head and the Heart,Pop/Rock,2000
41792,170815,Fred Neil,Folk,1960,2495841,The Head and the Heart,Pop/Rock,2000
12784,814036,Davy Graham,Folk,1960,196969,John Martyn,Folk,1960
12783,756656,Bert Jansch,Folk,1960,196969,John Martyn,Folk,1960
12779,223054,John Fahey,Folk,1950,196969,John Martyn,Folk,1960
34156,296815,Linda Perhacs,Folk,1970,794161,CocoRosie,Pop/Rock,2000
7580,299882,Karen Dalton,Folk,1960,118503,Lacy J. Dalton,Country,1970
20383,756656,Bert Jansch,Folk,1960,379125,Neil Young,Pop/Rock,1960
20427,671156,Hazel Dickens,Folk,1950,381371,Neko Case,Pop/Rock,1990
15321,149166,Carolyn Hester,Folk,1950,245019,Sandy Denny,Folk,1960
859,791120,The Roches,Folk,1970,13387,Shawn Colvin,Pop/Rock,1970
35439,577531,Woody Guthrie,Folk,1930,814036,Davy Graham,Folk,1960
8986,934721,Tom Paxton,Folk,1960,139089,Barenaked Ladies,Pop/Rock,1980
39996,814036,Davy Graham,Folk,1960,945196,Gerry Rafferty,Pop/Rock,1960
39995,756656,Bert Jansch,Folk,1960,945196,Gerry Rafferty,Pop/Rock,1960
8982,667794,Gordon Lightfoot,Folk,1950,139089,Barenaked Ladies,Pop/Rock,1980
3680,99561,The Incredible String Band,Folk,1960,51376,The Fall,Pop/Rock,1970
17599,231645,Jean Ritchie,Folk,1940,299882,Karen Dalton,Folk,1960
7743,744796,Townes Van Zandt,Folk,1960,120953,Cowboy Junkies,Pop/Rock,1980
17600,266160,Pete Seeger,Folk,1930,299882,Karen Dalton,Folk,1960
30488,671156,Hazel Dickens,Folk,1950,745071,Alison Krauss,Country,1980
8966,814036,Davy Graham,Folk,1960,139026,Led Zeppelin,Pop/Rock,1960
20391,934721,Tom Paxton,Folk,1960,379125,Neil Young,Pop/Rock,1960
8965,756656,Bert Jansch,Folk,1960,139026,Led Zeppelin,Pop/Rock,1960
9238,154533,Ewan MacColl,Folk,1940,143494,The Dubliners,International,1960
9239,266160,Pete Seeger,Folk,1930,143494,The Dubliners,International,1960
20386,814036,Davy Graham,Folk,1960,379125,Neil Young,Pop/Rock,1960
18211,528221,Dave Van Ronk,Folk,1950,317129,Charlie Parr,Folk,2000
17601,342768,Roscoe Holcomb,Folk,1950,299882,Karen Dalton,Folk,1960
22722,814036,Davy Graham,Folk,1960,482600,The Spencer Davis Group,Pop/Rock,1960
40006,223054,John Fahey,Folk,1950,945269,George Winston,New Age,1970
35487,32366,Steve Goodman,Folk,1960,814751,John Prine,Pop/Rock,1960
20819,112540,Cisco Houston,Folk,1940,391398,Ramblin' Jack Elliott,Folk,1950
20820,536754,Burl Ives,Folk,1930,391398,Ramblin' Jack Elliott,Folk,1950
20821,577531,Woody Guthrie,Folk,1930,391398,Ramblin' Jack Elliott,Folk,1950
35603,577531,Woody Guthrie,Folk,1930,816890,Johnny Cash,Country,1950
7565,756656,Bert Jansch,Folk,1960,118384,Comus,Pop/Rock,1960
7564,223054,John Fahey,Folk,1950,118384,Comus,Pop/Rock,1960
9061,196969,John Martyn,Folk,1960,140499,Cocteau Twins,Pop/Rock,1970
7562,99561,The Incredible String Band,Folk,1960,118384,Comus,Pop/Rock,1960
7561,24568,Shirley Collins,Folk,1950,118384,Comus,Pop/Rock,1960
30461,528221,Dave Van Ronk,Folk,1950,744796,Townes Van Zandt,Folk,1960
35612,20319,Shel Silverstein,Folk,1960,816900,Warren Zevon,Pop/Rock,1960
862,855405,Kate & Anna McGarrigle,Folk,1970,13387,Shawn Colvin,Pop/Rock,1970
13470,744796,Townes Van Zandt,Folk,1960,208893,Vetiver,Pop/Rock,2000
15322,170815,Fred Neil,Folk,1960,245019,Sandy Denny,Folk,1960
35496,528221,Dave Van Ronk,Folk,1950,814852,John Sebastian,Pop/Rock,1960
35495,330967,The New Lost City Ramblers,Folk,1950,814852,John Sebastian,Pop/Rock,1960
15324,249420,Judy Henske,Folk,1960,245019,Sandy Denny,Folk,1960
30469,934721,Tom Paxton,Folk,1960,744796,Townes Van Zandt,Folk,1960
35490,391398,Ramblin' Jack Elliott,Folk,1950,814751,John Prine,Pop/Rock,1960
20425,551465,Gillian Welch,Folk,1990,381371,Neko Case,Pop/Rock,1990
39413,154533,Ewan MacColl,Folk,1940,933883,Al Stewart,Pop/Rock,1960
39414,170815,Fred Neil,Folk,1960,933883,Al Stewart,Pop/Rock,1960
17379,888730,Odetta,Folk,1940,294923,Judy Collins,Folk,1950
3347,927736,Arlo Guthrie,Folk,1960,46794,Ani DiFranco,Pop/Rock,1980
821,934721,Tom Paxton,Folk,1960,13377,Stan Rogers,Folk,1970
9750,102050,The Kingston Trio,Folk,1950,153590,Graham Nash,Pop/Rock,1960
35179,487271,Mike Seeger,Folk,1950,809396,David Grisman,Country,1970
3346,888730,Odetta,Folk,1940,46794,Ani DiFranco,Pop/Rock,1980
25794,294923,Judy Collins,Folk,1950,574035,St. Vincent,Pop/Rock,2000
9751,154533,Ewan MacColl,Folk,1940,153590,Graham Nash,Pop/Rock,1960
9752,170815,Fred Neil,Folk,1960,153590,Graham Nash,Pop/Rock,1960
39491,669015,Malvina Reynolds,Folk,1960,934721,Tom Paxton,Folk,1960
9753,266160,Pete Seeger,Folk,1930,153590,Graham Nash,Pop/Rock,1960
9756,814036,Davy Graham,Folk,1960,153590,Graham Nash,Pop/Rock,1960
3345,800426,Greg Brown,Folk,1980,46794,Ani DiFranco,Pop/Rock,1980
31137,170815,Fred Neil,Folk,1960,752673,Steve Forbert,Pop/Rock,1970
22646,333634,Phil Ochs,Folk,1960,480830,The Mountain Goats,Pop/Rock,1990
31143,667794,Gordon Lightfoot,Folk,1950,752673,Steve Forbert,Pop/Rock,1970
27112,32366,Steve Goodman,Folk,1960,610346,Aimee Mann,Pop/Rock,1980
35175,169202,Doc Watson,Folk,1940,809396,David Grisman,Country,1970
33601,756656,Bert Jansch,Folk,1960,787579,The Decemberists,Pop/Rock,2000
9754,391398,Ramblin' Jack Elliott,Folk,1950,153590,Graham Nash,Pop/Rock,1960
39490,577531,Woody Guthrie,Folk,1930,934721,Tom Paxton,Folk,1960
33669,102050,The Kingston Trio,Folk,1950,788568,The Dillards,Country,1960
2997,99561,The Incredible String Band,Folk,1960,42589,The Beta Band,Pop/Rock,1990
20745,286561,Robert Earl Keen,Folk,1980,389378,Mason Jennings,Pop/Rock,2000
2970,102050,The Kingston Trio,Folk,1950,41874,The Beach Boys,Pop/Rock,1960
13230,274321,"Peter, Paul and Mary",Folk,1960,204386,James Taylor,Pop/Rock,1960
39486,266160,Pete Seeger,Folk,1930,934721,Tom Paxton,Folk,1960
13227,102050,The Kingston Trio,Folk,1950,204386,James Taylor,Pop/Rock,1960
39487,328352,The New Christy Minstrels,Folk,1960,934721,Tom Paxton,Folk,1960
39488,391398,Ramblin' Jack Elliott,Folk,1950,934721,Tom Paxton,Folk,1960
36095,99561,The Incredible String Band,Folk,1960,830538,Robert Plant,Pop/Rock,1960
39489,536754,Burl Ives,Folk,1930,934721,Tom Paxton,Folk,1960
40396,855405,Kate & Anna McGarrigle,Folk,1970,955544,Daniel Lanois,Pop/Rock,1970
36108,69153,Joan Baez,Folk,1950,830890,Lori McKenna,Folk,1990
22064,169202,Doc Watson,Folk,1940,464348,Old Crow Medicine Show,Pop/Rock,1990
22066,330967,The New Lost City Ramblers,Folk,1950,464348,Old Crow Medicine Show,Pop/Rock,1990
22067,342768,Roscoe Holcomb,Folk,1950,464348,Old Crow Medicine Show,Pop/Rock,1990
22072,577531,Woody Guthrie,Folk,1930,464348,Old Crow Medicine Show,Pop/Rock,1990
36116,837215,Lucinda Williams,Folk,1970,830890,Lori McKenna,Folk,1990
33672,487271,Mike Seeger,Folk,1950,788568,The Dillards,Country,1960
15382,99104,Vashti Bunyan,Folk,1960,246032,Devendra Banhart,Pop/Rock,2000
15383,99561,The Incredible String Band,Folk,1960,246032,Devendra Banhart,Pop/Rock,2000
820,667794,Gordon Lightfoot,Folk,1950,13377,Stan Rogers,Folk,1970
20747,391398,Ramblin' Jack Elliott,Folk,1950,389378,Mason Jennings,Pop/Rock,2000
13779,295545,Richie Havens,Folk,1960,214593,David Gray,Pop/Rock,1990
12949,577531,Woody Guthrie,Folk,1930,198783,Johnny Horton,Country,1950
34608,800426,Greg Brown,Folk,1980,802464,Freedy Johnston,Pop/Rock,1980
12517,888730,Odetta,Folk,1940,192925,John Renbourn,Folk,1960
12516,814036,Davy Graham,Folk,1960,192925,John Renbourn,Folk,1960
12514,391398,Ramblin' Jack Elliott,Folk,1950,192925,John Renbourn,Folk,1960
6875,855356,Kate Wolf,Folk,1970,103484,Indigo Girls,Pop/Rock,1980
6874,791120,The Roches,Folk,1970,103484,Indigo Girls,Pop/Rock,1980
6872,626268,Buffy Sainte-Marie,Folk,1950,103484,Indigo Girls,Pop/Rock,1980
6871,536754,Burl Ives,Folk,1930,103484,Indigo Girls,Pop/Rock,1980
28463,69153,Joan Baez,Folk,1950,651107,Marianne Faithfull,Pop/Rock,1960
15391,296815,Linda Perhacs,Folk,1970,246032,Devendra Banhart,Pop/Rock,2000
3339,626268,Buffy Sainte-Marie,Folk,1950,46794,Ani DiFranco,Pop/Rock,1980
36218,829267,Loreena McKennitt,Folk,1980,834108,Sarah McLachlan,Pop/Rock,1980
36220,855405,Kate & Anna McGarrigle,Folk,1970,834108,Sarah McLachlan,Pop/Rock,1980
15396,669015,Malvina Reynolds,Folk,1960,246032,Devendra Banhart,Pop/Rock,2000
6857,69153,Joan Baez,Folk,1950,103484,Indigo Girls,Pop/Rock,1980
36226,170815,Fred Neil,Folk,1960,834466,Roger McGuinn,Pop/Rock,1960
36228,266160,Pete Seeger,Folk,1930,834466,Roger McGuinn,Pop/Rock,1960
36229,577531,Woody Guthrie,Folk,1930,834466,Roger McGuinn,Pop/Rock,1960
15392,299882,Karen Dalton,Folk,1960,246032,Devendra Banhart,Pop/Rock,2000
12524,577531,Woody Guthrie,Folk,1930,193160,The Maddox Brothers & Rose,Country,1930
3340,669015,Malvina Reynolds,Folk,1960,46794,Ani DiFranco,Pop/Rock,1980
26356,196969,John Martyn,Folk,1960,585874,Acoustic Alchemy,New Age,2000
27135,52900,The Lovin' Spoonful,Folk,1960,610706,Bread,Pop/Rock,1960
15386,171693,Victor Jara,Folk,1950,246032,Devendra Banhart,Pop/Rock,2000
27137,274321,"Peter, Paul and Mary",Folk,1960,610706,Bread,Pop/Rock,1960
8065,196969,John Martyn,Folk,1960,127360,Everything But the Girl,Pop/Rock,1980
9802,536754,Burl Ives,Folk,1930,154533,Ewan MacColl,Folk,1940
9803,577531,Woody Guthrie,Folk,1930,154533,Ewan MacColl,Folk,1940
25752,667584,Damien Rice,Folk,1990,573391,Paolo Nutini,Pop/Rock,2000
9804,607804,Alan Lomax,Folk,1930,154533,Ewan MacColl,Folk,1940
27141,667794,Gordon Lightfoot,Folk,1950,610706,Bread,Pop/Rock,1960
15387,192925,John Renbourn,Folk,1960,246032,Devendra Banhart,Pop/Rock,2000
27144,20319,Shel Silverstein,Folk,1960,610880,Brad Paisley,Country,1990
15388,196969,John Martyn,Folk,1960,246032,Devendra Banhart,Pop/Rock,2000
13792,863774,Ralph McTell,Folk,1960,214593,David Gray,Pop/Rock,1990
22087,667794,Gordon Lightfoot,Folk,1950,466759,Michael W. Smith,Religious,1980
2399,744796,Townes Van Zandt,Folk,1960,34249,Steve Earle,Country,1980
21027,170815,Fred Neil,Folk,1960,397880,Nick Cave,Pop/Rock,1970
40428,295545,Richie Havens,Folk,1960,956675,Darius Rucker,Country,1980
36207,245019,Sandy Denny,Folk,1960,834108,Sarah McLachlan,Pop/Rock,1980
40430,744796,Townes Van Zandt,Folk,1960,956675,Darius Rucker,Country,1980
28947,934721,Tom Paxton,Folk,1960,667584,Damien Rice,Folk,1990
26668,170815,Fred Neil,Folk,1960,595101,Tim Buckley,Pop/Rock,1960
18086,24568,Shirley Collins,Folk,1950,313128,Mary Black,International,1980
18089,245019,Sandy Denny,Folk,1960,313128,Mary Black,International,1980
33833,196969,John Martyn,Folk,1960,790814,Talk Talk,Pop/Rock,1980
12647,328352,The New Christy Minstrels,Folk,1960,194036,Gene Clark,Pop/Rock,1960
12646,102050,The Kingston Trio,Folk,1950,194036,Gene Clark,Pop/Rock,1960
7915,837215,Lucinda Williams,Folk,1970,125088,Chuck Prophet,Pop/Rock,1990
34459,577531,Woody Guthrie,Folk,1930,799053,Donovan,Pop/Rock,1960
7918,99561,The Incredible String Band,Folk,1960,125465,Barclay James Harvest,Pop/Rock,1960
34461,756656,Bert Jansch,Folk,1960,799053,Donovan,Pop/Rock,1960
34462,814036,Davy Graham,Folk,1960,799053,Donovan,Pop/Rock,1960
12648,333634,Phil Ochs,Folk,1960,194036,Gene Clark,Pop/Rock,1960
35293,286561,Robert Earl Keen,Folk,1980,812239,Wade Bowen,Country,2000
8816,299882,Karen Dalton,Folk,1960,137474,Laura Nyro,Pop/Rock,1960
8815,294923,Judy Collins,Folk,1950,137474,Laura Nyro,Pop/Rock,1960
2539,744796,Townes Van Zandt,Folk,1960,36312,Shooter Jennings,Country,2000
2535,286561,Robert Earl Keen,Folk,1980,36312,Shooter Jennings,Country,2000
8807,69153,Joan Baez,Folk,1950,137474,Laura Nyro,Pop/Rock,1960
42220,667584,Damien Rice,Folk,1990,2996996,John Newman,R&B;,2010
38955,746068,Steeleye Span,Folk,1970,924508,The Waterboys,Pop/Rock,1980
3386,196969,John Martyn,Folk,1960,47033,The Blue Nile,Pop/Rock,1980
3905,286561,Robert Earl Keen,Folk,1980,57577,Bleu Edmondson,Country,2000
2894,744796,Townes Van Zandt,Folk,1960,40230,Songs: Ohia,Pop/Rock,1990
34457,391398,Ramblin' Jack Elliott,Folk,1950,799053,Donovan,Pop/Rock,1960
34456,333634,Phil Ochs,Folk,1960,799053,Donovan,Pop/Rock,1960
39420,934721,Tom Paxton,Folk,1960,933883,Al Stewart,Pop/Rock,1960
34451,24568,Shirley Collins,Folk,1950,799053,Donovan,Pop/Rock,1960
9461,266160,Pete Seeger,Folk,1930,149166,Carolyn Hester,Folk,1950
9462,577531,Woody Guthrie,Folk,1930,149166,Carolyn Hester,Folk,1950
9464,888730,Odetta,Folk,1940,149166,Carolyn Hester,Folk,1950
17375,536754,Burl Ives,Folk,1930,294923,Judy Collins,Folk,1950
17374,528221,Dave Van Ronk,Folk,1950,294923,Judy Collins,Folk,1950
17373,517264,Tom Rush,Folk,1960,294923,Judy Collins,Folk,1950
17371,266160,Pete Seeger,Folk,1930,294923,Judy Collins,Folk,1950
34453,69153,Joan Baez,Folk,1950,799053,Donovan,Pop/Rock,1960
34454,170815,Fred Neil,Folk,1960,799053,Donovan,Pop/Rock,1960
3891,274321,"Peter, Paul and Mary",Folk,1960,57209,The Free Design,Pop/Rock,1960
17370,231645,Jean Ritchie,Folk,1940,294923,Judy Collins,Folk,1950
3892,328352,The New Christy Minstrels,Folk,1960,57209,The Free Design,Pop/Rock,1960
17368,102050,The Kingston Trio,Folk,1950,294923,Judy Collins,Folk,1950
39439,536754,Burl Ives,Folk,1930,934069,Brenda Lee,Country,1950
17367,69153,Joan Baez,Folk,1950,294923,Judy Collins,Folk,1950
34455,266160,Pete Seeger,Folk,1930,799053,Donovan,Pop/Rock,1960
12652,934721,Tom Paxton,Folk,1960,194036,Gene Clark,Pop/Rock,1960
33781,837215,Lucinda Williams,Folk,1970,790604,Taj Mahal,Blues,1960
38949,99561,The Incredible String Band,Folk,1960,924508,The Waterboys,Pop/Rock,1980
33780,796950,Elizabeth Cotten,Folk,1950,790604,Taj Mahal,Blues,1960
40304,20319,Shel Silverstein,Folk,1960,951825,Dan Bern,Pop/Rock,1990
36028,245019,Sandy Denny,Folk,1960,829267,Loreena McKennitt,Folk,1980
36029,746068,Steeleye Span,Folk,1970,829267,Loreena McKennitt,Folk,1980
15544,813092,John Jacob Niles,Folk,1930,249420,Judy Henske,Folk,1960
9657,577531,Woody Guthrie,Folk,1930,152002,Joe Ely,Country,1970
9659,744796,Townes Van Zandt,Folk,1960,152002,Joe Ely,Country,1970
13685,69153,Joan Baez,Folk,1950,213212,Janis Ian,Pop/Rock,1960
39485,169202,Doc Watson,Folk,1940,934721,Tom Paxton,Folk,1960
26674,888730,Odetta,Folk,1940,595101,Tim Buckley,Pop/Rock,1960
24298,577531,Woody Guthrie,Folk,1930,520033,The Boomtown Rats,Pop/Rock,1970
13690,231645,Jean Ritchie,Folk,1940,213212,Janis Ian,Pop/Rock,1960
26673,814036,Davy Graham,Folk,1960,595101,Tim Buckley,Pop/Rock,1960
40386,74134,Ian & Sylvia,Folk,1950,955544,Daniel Lanois,Pop/Rock,1970
12604,170815,Fred Neil,Folk,1960,193594,Madeleine Peyroux,Vocal,1990
13693,274321,"Peter, Paul and Mary",Folk,1960,213212,Janis Ian,Pop/Rock,1960
13694,294923,Judy Collins,Folk,1950,213212,Janis Ian,Pop/Rock,1960
13695,888730,Odetta,Folk,1940,213212,Janis Ian,Pop/Rock,1960
13696,934721,Tom Paxton,Folk,1960,213212,Janis Ian,Pop/Rock,1960
18091,838559,Pentangle,Folk,1960,313128,Mary Black,International,1980
13237,934721,Tom Paxton,Folk,1960,204386,James Taylor,Pop/Rock,1960
39484,154533,Ewan MacColl,Folk,1940,934721,Tom Paxton,Folk,1960
34632,394449,Michael Hurley,Folk,1960,803009,Cat Power,Pop/Rock,1990
28935,196969,John Martyn,Folk,1960,667584,Damien Rice,Folk,1990
7122,626268,Buffy Sainte-Marie,Folk,1950,107556,Kimya Dawson,Pop/Rock,1990
7175,69153,Joan Baez,Folk,1950,108774,Cheryl Wheeler,Folk,1980
3934,838559,Pentangle,Folk,1960,58372,Faces,Pop/Rock,1960
40309,282766,Loudon Wainwright III,Folk,1970,951825,Dan Bern,Pop/Rock,1990
40310,791120,The Roches,Folk,1970,951825,Dan Bern,Pop/Rock,1990
20950,607804,Alan Lomax,Folk,1930,394449,Michael Hurley,Folk,1960
35967,800426,Greg Brown,Folk,1980,825883,Dierks Bentley,Country,2000
35256,934721,Tom Paxton,Folk,1960,811622,John Denver,Pop/Rock,1960
2500,888730,Odetta,Folk,1940,35464,Maria Muldaur,Pop/Rock,1960
35255,667794,Gordon Lightfoot,Folk,1950,811622,John Denver,Pop/Rock,1960
35252,274321,"Peter, Paul and Mary",Folk,1960,811622,John Denver,Pop/Rock,1960
35251,266160,Pete Seeger,Folk,1930,811622,John Denver,Pop/Rock,1960
35249,170815,Fred Neil,Folk,1960,811622,John Denver,Pop/Rock,1960
35247,102050,The Kingston Trio,Folk,1950,811622,John Denver,Pop/Rock,1960
35246,93533,The Limeliters,Folk,1950,811622,John Denver,Pop/Rock,1960
35985,746068,Steeleye Span,Folk,1970,825924,Marillion,Pop/Rock,1970
35244,52900,The Lovin' Spoonful,Folk,1960,811622,John Denver,Pop/Rock,1960
34520,170815,Fred Neil,Folk,1960,800426,Greg Brown,Folk,1980
34526,667794,Gordon Lightfoot,Folk,1950,800426,Greg Brown,Folk,1980
39483,112540,Cisco Houston,Folk,1940,934721,Tom Paxton,Folk,1960
40341,577531,Woody Guthrie,Folk,1930,952794,Harry Belafonte,Vocal,1940
40702,170815,Fred Neil,Folk,1960,987491,Gram Parsons,Pop/Rock,1960
17066,24568,Shirley Collins,Folk,1950,288904,Richard & Linda Thompson,Pop/Rock,1970
4448,796950,Elizabeth Cotten,Folk,1950,66915,Bob Dylan,Pop/Rock,1960
14486,342768,Roscoe Holcomb,Folk,1950,227527,Flatt & Scruggs,Country,1940
11330,577531,Woody Guthrie,Folk,1930,175708,Ry Cooder,Pop/Rock,1960
29687,800426,Greg Brown,Folk,1980,683686,Willie Nile,Pop/Rock,1970
31529,130115,Jackson C. Frank,Folk,1960,756656,Bert Jansch,Folk,1960
5742,671156,Hazel Dickens,Folk,1950,86312,The Judds,Country,1980
37936,756656,Bert Jansch,Folk,1960,887638,Michael Hedges,New Age,1980
37937,814036,Davy Graham,Folk,1960,887638,Michael Hedges,New Age,1980
10946,391398,Ramblin' Jack Elliott,Folk,1950,170815,Fred Neil,Folk,1960
36959,154533,Ewan MacColl,Folk,1940,852842,Planxty,International,1970
4547,102050,The Kingston Trio,Folk,1950,69153,Joan Baez,Folk,1950
4548,112540,Cisco Houston,Folk,1940,69153,Joan Baez,Folk,1950
22226,671156,Hazel Dickens,Folk,1950,472735,Rhonda Vincent,Country,1960
10948,577531,Woody Guthrie,Folk,1930,170815,Fred Neil,Folk,1960
4550,231645,Jean Ritchie,Folk,1940,69153,Joan Baez,Folk,1950
4551,266160,Pete Seeger,Folk,1930,69153,Joan Baez,Folk,1950
31531,266160,Pete Seeger,Folk,1930,756656,Bert Jansch,Folk,1960
10951,796950,Elizabeth Cotten,Folk,1950,170815,Fred Neil,Folk,1960
31533,814036,Davy Graham,Folk,1960,756656,Bert Jansch,Folk,1960
16381,223054,John Fahey,Folk,1950,268871,Hot Tuna,Pop/Rock,1970
14480,934721,Tom Paxton,Folk,1960,227487,John Gorka,Folk,1980
4684,74134,Ian & Sylvia,Folk,1950,71209,Leonard Cohen,Pop/Rock,1950
1950,328352,The New Christy Minstrels,Folk,1960,28772,The 5th Dimension,Pop/Rock,1960
4683,69153,Joan Baez,Folk,1950,71209,Leonard Cohen,Pop/Rock,1950
10955,888730,Odetta,Folk,1940,170815,Fred Neil,Folk,1960
4549,154533,Ewan MacColl,Folk,1940,69153,Joan Baez,Folk,1950
11336,796950,Elizabeth Cotten,Folk,1950,175708,Ry Cooder,Pop/Rock,1960
22313,299882,Karen Dalton,Folk,1960,475010,The Moldy Peaches,Pop/Rock,1990
5087,295545,Richie Havens,Folk,1960,78044,Bill Withers,R&B;,1960
27961,102050,The Kingston Trio,Folk,1950,631774,The Byrds,Pop/Rock,1960
14865,231645,Jean Ritchie,Folk,1940,236287,Maddy Prior,International,1970
16729,32366,Steve Goodman,Folk,1960,280692,Jill Sobule,Pop/Rock,1980
5773,342768,Roscoe Holcomb,Folk,1950,87113,The Jordanaires,Country,1940
27964,266160,Pete Seeger,Folk,1930,631774,The Byrds,Pop/Rock,1960
14864,154533,Ewan MacColl,Folk,1940,236287,Maddy Prior,International,1970
29563,744796,Townes Van Zandt,Folk,1960,679219,Dave Alvin,Pop/Rock,1970
37923,154533,Ewan MacColl,Folk,1940,887619,Renaissance,Pop/Rock,1960
32787,669015,Malvina Reynolds,Folk,1960,773666,The Wailin' Jennys,Pop/Rock,2000
36991,855405,Kate & Anna McGarrigle,Folk,1970,852997,k.d. lang,Pop/Rock,1980
14863,149166,Carolyn Hester,Folk,1950,236287,Maddy Prior,International,1970
10636,791120,The Roches,Folk,1970,166505,Feist,Pop/Rock,1990
41229,756656,Bert Jansch,Folk,1960,1072350,Mumford & Sons,Pop/Rock,2000
31390,927736,Arlo Guthrie,Folk,1960,754251,Suzanne Vega,Pop/Rock,1980
28334,266160,Pete Seeger,Folk,1930,644880,David Crosby,Pop/Rock,1960
31388,791120,The Roches,Folk,1970,754251,Suzanne Vega,Pop/Rock,1980
14862,69153,Joan Baez,Folk,1950,236287,Maddy Prior,International,1970
14861,24568,Shirley Collins,Folk,1950,236287,Maddy Prior,International,1970
37928,45077,Leo Kottke,Folk,1960,887638,Michael Hedges,New Age,1980
37930,169202,Doc Watson,Folk,1940,887638,Michael Hedges,New Age,1980
37931,192925,John Renbourn,Folk,1960,887638,Michael Hedges,New Age,1980
37932,223054,John Fahey,Folk,1950,887638,Michael Hedges,New Age,1980
21435,577531,Woody Guthrie,Folk,1930,410219,Merle Haggard,Country,1960
1636,927736,Arlo Guthrie,Folk,1960,22348,Patty Griffin,Pop/Rock,1990
28335,577531,Woody Guthrie,Folk,1930,644880,David Crosby,Pop/Rock,1960
14479,927736,Arlo Guthrie,Folk,1960,227487,John Gorka,Folk,1980
19569,577531,Woody Guthrie,Folk,1930,353145,Roy Rogers,Country,1930
16382,391398,Ramblin' Jack Elliott,Folk,1950,268871,Hot Tuna,Pop/Rock,1970
6084,32366,Steve Goodman,Folk,1960,92303,King Missile,Pop/Rock,1980
40801,746068,Steeleye Span,Folk,1970,988471,Enya,New Age,1980
5039,69153,Joan Baez,Folk,1950,77175,Bob Weir,Pop/Rock,1960
4555,577531,Woody Guthrie,Folk,1930,69153,Joan Baez,Folk,1950
29462,927736,Arlo Guthrie,Folk,1960,677352,Dar Williams,Folk,1990
4558,813092,John Jacob Niles,Folk,1930,69153,Joan Baez,Folk,1950
4559,837150,Peggy Seeger,Folk,1950,69153,Joan Baez,Folk,1950
4560,888730,Odetta,Folk,1940,69153,Joan Baez,Folk,1950
14462,13377,Stan Rogers,Folk,1970,227487,John Gorka,Folk,1980
18957,814036,Davy Graham,Folk,1960,336783,Nick Drake,Pop/Rock,1960
38407,577531,Woody Guthrie,Folk,1930,899198,The Smothers Brothers,Comedy/Spoken,1960
38406,266160,Pete Seeger,Folk,1930,899198,The Smothers Brothers,Comedy/Spoken,1960
25058,169202,Doc Watson,Folk,1940,551465,Gillian Welch,Folk,1990
6118,102050,The Kingston Trio,Folk,1950,93533,The Limeliters,Folk,1950
38405,102050,The Kingston Trio,Folk,1950,899198,The Smothers Brothers,Comedy/Spoken,1960
25060,231645,Jean Ritchie,Folk,1940,551465,Gillian Welch,Folk,1990
37603,756656,Bert Jansch,Folk,1960,867978,JosÃ© GonzÃ¡lez,Pop/Rock,2000
6119,266160,Pete Seeger,Folk,1930,93533,The Limeliters,Folk,1950
6120,577531,Woody Guthrie,Folk,1930,93533,The Limeliters,Folk,1950
6121,888730,Odetta,Folk,1940,93533,The Limeliters,Folk,1950
99,588679,Theodore Bikel,Folk,1950,2273,Allan Sherman,Comedy/Spoken,1960
16798,577531,Woody Guthrie,Folk,1930,282766,Loudon Wainwright III,Folk,1970
16800,934721,Tom Paxton,Folk,1960,282766,Loudon Wainwright III,Folk,1970
19419,677352,Dar Williams,Folk,1990,347151,Jewel,Pop/Rock,1990
25065,330967,The New Lost City Ramblers,Folk,1950,551465,Gillian Welch,Folk,1990
19797,130115,Jackson C. Frank,Folk,1960,359016,Richard Thompson,Pop/Rock,1960
29463,934721,Tom Paxton,Folk,1960,677352,Dar Williams,Folk,1990
14866,814036,Davy Graham,Folk,1960,236287,Maddy Prior,International,1970
11625,536754,Burl Ives,Folk,1930,179205,Don McLean,Pop/Rock,1960
11623,391398,Ramblin' Jack Elliott,Folk,1950,179205,Don McLean,Pop/Rock,1960
36942,223054,John Fahey,Folk,1950,852718,Kaki King,Pop/Rock,2000
38501,295545,Richie Havens,Folk,1960,915816,James Morrison,Pop/Rock,2000
16383,528221,Dave Van Ronk,Folk,1950,268871,Hot Tuna,Pop/Rock,1970
16384,796950,Elizabeth Cotten,Folk,1950,268871,Hot Tuna,Pop/Rock,1970
16385,814036,Davy Graham,Folk,1960,268871,Hot Tuna,Pop/Rock,1970
36938,45077,Leo Kottke,Folk,1960,852718,Kaki King,Pop/Rock,2000
1672,295545,Richie Havens,Folk,1960,23982,Ted Hawkins,Blues,1980
15992,99561,The Incredible String Band,Folk,1960,257544,Van der Graaf Generator,Pop/Rock,1960
42737,744796,Townes Van Zandt,Folk,1960,3539434,Colter Wall,Country,2010
32480,130115,Jackson C. Frank,Folk,1960,768231,Ian Matthews,Pop/Rock,1960
32479,74134,Ian & Sylvia,Folk,1950,768231,Ian Matthews,Pop/Rock,1960
14474,667794,Gordon Lightfoot,Folk,1950,227487,John Gorka,Folk,1980
29574,45077,Leo Kottke,Folk,1960,679749,Xavier Rudd,Pop/Rock,2000
1469,52900,The Lovin' Spoonful,Folk,1960,20862,Paul Collins,Pop/Rock,1970
27985,744796,Townes Van Zandt,Folk,1960,632233,Eric Church,Country,2000
37970,266160,Pete Seeger,Folk,1930,888730,Odetta,Folk,1940
37971,577531,Woody Guthrie,Folk,1930,888730,Odetta,Folk,1940
25214,170815,Fred Neil,Folk,1960,560208,Harry Nilsson,Pop/Rock,1950
14470,517264,Tom Rush,Folk,1960,227487,John Gorka,Folk,1980
14469,333634,Phil Ochs,Folk,1960,227487,John Gorka,Folk,1980
18963,196969,John Martyn,Folk,1960,337119,Phil Collins,Pop/Rock,1970
4552,333634,Phil Ochs,Folk,1960,69153,Joan Baez,Folk,1950
11620,266160,Pete Seeger,Folk,1930,179205,Don McLean,Pop/Rock,1960
4553,528221,Dave Van Ronk,Folk,1950,69153,Joan Baez,Folk,1950
4554,536754,Burl Ives,Folk,1930,69153,Joan Baez,Folk,1950
11624,528221,Dave Van Ronk,Folk,1950,179205,Don McLean,Pop/Rock,1960
29802,299882,Karen Dalton,Folk,1960,686897,Linda Ronstadt,Pop/Rock,1960
29801,249420,Judy Henske,Folk,1960,686897,Linda Ronstadt,Pop/Rock,1960
14867,837150,Peggy Seeger,Folk,1950,236287,Maddy Prior,International,1970
4792,227487,John Gorka,Folk,1980,73444,Bob Schneider,Pop/Rock,1990
11457,888730,Odetta,Folk,1940,177060,Janis Joplin,Pop/Rock,1960
19489,32366,Steve Goodman,Folk,1960,350840,Jimmy Buffett,Pop/Rock,1960
16323,669015,Malvina Reynolds,Folk,1960,266160,Pete Seeger,Folk,1930
4437,266160,Pete Seeger,Folk,1930,66915,Bob Dylan,Pop/Rock,1960
23205,69153,Joan Baez,Folk,1950,490549,Anne Murray,Country,1960
12144,294923,Judy Collins,Folk,1950,186185,CÃ©line Dion,Pop/Rock,1980
23207,74134,Ian & Sylvia,Folk,1950,490549,Anne Murray,Country,1960
4825,266160,Pete Seeger,Folk,1930,74134,Ian & Sylvia,Folk,1950
40857,99561,The Incredible String Band,Folk,1960,990366,Fleet Foxes,Pop/Rock,2000
31962,577531,Woody Guthrie,Folk,1930,761108,Avail,Pop/Rock,2000
11869,196969,John Martyn,Folk,1960,183139,David Sylvian,Pop/Rock,1970
5212,102050,The Kingston Trio,Folk,1950,80428,The Lettermen,Vocal,1950
16324,796950,Elizabeth Cotten,Folk,1950,266160,Pete Seeger,Folk,1930
1576,528221,Dave Van Ronk,Folk,1950,21744,Stephen Stills,Pop/Rock,1960
31682,394449,Michael Hurley,Folk,1960,758208,Beth Orton,Pop/Rock,1990
1906,266160,Pete Seeger,Folk,1930,27916,Terry Callier,R&B;,1960
4439,342768,Roscoe Holcomb,Folk,1950,66915,Bob Dylan,Pop/Rock,1960
4440,391398,Ramblin' Jack Elliott,Folk,1950,66915,Bob Dylan,Pop/Rock,1960
37088,69153,Joan Baez,Folk,1950,855356,Kate Wolf,Folk,1970
5899,814036,Davy Graham,Folk,1960,89021,Jimmy Page,Pop/Rock,1950
37089,245019,Sandy Denny,Folk,1960,855356,Kate Wolf,Folk,1970
5897,756656,Bert Jansch,Folk,1960,89021,Jimmy Page,Pop/Rock,1950
4441,528221,Dave Van Ronk,Folk,1950,66915,Bob Dylan,Pop/Rock,1960
4444,577531,Woody Guthrie,Folk,1930,66915,Bob Dylan,Pop/Rock,1960
38217,32366,Steve Goodman,Folk,1960,894962,The Postal Service,Pop/Rock,2000
4445,607804,Alan Lomax,Folk,1930,66915,Bob Dylan,Pop/Rock,1960
4798,814036,Davy Graham,Folk,1960,73553,Bill Fay,Pop/Rock,1960
16322,577531,Woody Guthrie,Folk,1930,266160,Pete Seeger,Folk,1930
27900,32366,Steve Goodman,Folk,1960,629609,David Allan Coe,Country,1960
31696,838414,June Tabor,Folk,1970,758208,Beth Orton,Pop/Rock,1990
31693,829267,Loreena McKennitt,Folk,1980,758208,Beth Orton,Pop/Rock,1990
10764,294923,Judy Collins,Folk,1950,168256,Eva Cassidy,Pop/Rock,1980
4432,154533,Ewan MacColl,Folk,1940,66915,Bob Dylan,Pop/Rock,1960
4822,93533,The Limeliters,Folk,1950,74134,Ian & Sylvia,Folk,1950
16651,577531,Woody Guthrie,Folk,1930,278575,Hoyt Axton,Country,1960
4430,112540,Cisco Houston,Folk,1940,66915,Bob Dylan,Pop/Rock,1960
10755,69153,Joan Baez,Folk,1950,168256,Eva Cassidy,Pop/Rock,1980
14218,577531,Woody Guthrie,Folk,1930,222927,Uncle Tupelo,Pop/Rock,1980
10767,667794,Gordon Lightfoot,Folk,1950,168256,Eva Cassidy,Pop/Rock,1980
1540,756656,Bert Jansch,Folk,1960,21492,Stephen Malkmus,Pop/Rock,1990
4433,169202,Doc Watson,Folk,1940,66915,Bob Dylan,Pop/Rock,1960
14235,169202,Doc Watson,Folk,1940,223054,John Fahey,Folk,1950
4823,102050,The Kingston Trio,Folk,1950,74134,Ian & Sylvia,Folk,1950
16293,169202,Doc Watson,Folk,1940,265440,Jorma Kaukonen,Pop/Rock,1960
4436,231645,Jean Ritchie,Folk,1940,66915,Bob Dylan,Pop/Rock,1960
10770,838414,June Tabor,Folk,1970,168256,Eva Cassidy,Pop/Rock,1980
16648,266160,Pete Seeger,Folk,1930,278575,Hoyt Axton,Country,1960
14237,342768,Roscoe Holcomb,Folk,1950,223054,John Fahey,Folk,1950
16321,322279,Pete Steele,Folk,1930,266160,Pete Seeger,Folk,1930
4824,154533,Ewan MacColl,Folk,1940,74134,Ian & Sylvia,Folk,1950
16647,170815,Fred Neil,Folk,1960,278575,Hoyt Axton,Country,1960
37051,855405,Kate & Anna McGarrigle,Folk,1970,854854,Rufus Wainwright,Pop/Rock,1990
14240,796950,Elizabeth Cotten,Folk,1950,223054,John Fahey,Folk,1950
5193,814036,Davy Graham,Folk,1960,80118,Kevin Ayers,Pop/Rock,1960
16805,626268,Buffy Sainte-Marie,Folk,1950,282912,Robert Mirabal,International,1990
27572,744796,Townes Van Zandt,Folk,1960,621423,Alejandro Escovedo,Pop/Rock,1970
1909,330967,The New Lost City Ramblers,Folk,1950,27916,Terry Callier,R&B;,1960
27942,667794,Gordon Lightfoot,Folk,1950,631579,Bruce Cockburn,Pop/Rock,1970
25037,577531,Woody Guthrie,Folk,1930,549797,Hank Williams,Country,1930
14749,551465,Gillian Welch,Folk,1990,233136,Josh Ritter,Pop/Rock,1990
37899,391398,Ramblin' Jack Elliott,Folk,1950,885875,Michael Martin Murphey,Country,1960
11375,391398,Ramblin' Jack Elliott,Folk,1950,176148,Riders in the Sky,Country,1970
41222,14201,Spirit of the West,Folk,1980,1072350,Mumford & Sons,Pop/Rock,2000
14752,744796,Townes Van Zandt,Folk,1960,233136,Josh Ritter,Pop/Rock,1990
4757,169202,Doc Watson,Folk,1940,72998,The Handsome Family,Pop/Rock,1990
10663,756656,Bert Jansch,Folk,1960,166785,Dan Fogelberg,Pop/Rock,1960
37172,69153,Joan Baez,Folk,1950,858375,Mary Chapin Carpenter,Country,1980
25283,837215,Lucinda Williams,Folk,1970,562105,Hayes Carll,Pop/Rock,2000
10661,667794,Gordon Lightfoot,Folk,1950,166785,Dan Fogelberg,Pop/Rock,1960
23049,52900,The Lovin' Spoonful,Folk,1960,489209,The dB's,Pop/Rock,1970
23333,102050,The Kingston Trio,Folk,1950,492037,The Proclaimers,Pop/Rock,1980
37181,294923,Judy Collins,Folk,1950,858375,Mary Chapin Carpenter,Country,1980
37184,812480,John Stewart,Folk,1960,858375,Mary Chapin Carpenter,Country,1980
37185,927736,Arlo Guthrie,Folk,1960,858375,Mary Chapin Carpenter,Country,1980
25278,744796,Townes Van Zandt,Folk,1960,562105,Hayes Carll,Pop/Rock,2000
1828,744796,Townes Van Zandt,Folk,1960,26510,Terry Allen,Country,1970
5305,342768,Roscoe Holcomb,Folk,1950,81083,Bill Monroe,Country,1940
1824,391398,Ramblin' Jack Elliott,Folk,1950,26510,Terry Allen,Country,1970
29796,69153,Joan Baez,Folk,1950,686897,Linda Ronstadt,Pop/Rock,1960
27957,74134,Ian & Sylvia,Folk,1950,631774,The Byrds,Pop/Rock,1960
27960,93533,The Limeliters,Folk,1950,631774,The Byrds,Pop/Rock,1960
29798,170815,Fred Neil,Folk,1960,686897,Linda Ronstadt,Pop/Rock,1960
27941,517264,Tom Rush,Folk,1960,631579,Bruce Cockburn,Pop/Rock,1970
31413,223054,John Fahey,Folk,1950,755156,Sonic Youth,Pop/Rock,1980
32134,607804,Alan Lomax,Folk,1930,763301,The Fugs,Pop/Rock,1960
32133,528221,Dave Van Ronk,Folk,1950,763301,The Fugs,Pop/Rock,1960
37092,99561,The Incredible String Band,Folk,1960,855405,Kate & Anna McGarrigle,Folk,1970
27937,196969,John Martyn,Folk,1960,631579,Bruce Cockburn,Pop/Rock,1970
1910,888730,Odetta,Folk,1940,27916,Terry Callier,R&B;,1960
37039,282766,Loudon Wainwright III,Folk,1970,854854,Rufus Wainwright,Pop/Rock,1990
37096,669015,Malvina Reynolds,Folk,1960,855405,Kate & Anna McGarrigle,Folk,1970
37097,838559,Pentangle,Folk,1960,855405,Kate & Anna McGarrigle,Folk,1970
4449,813092,John Jacob Niles,Folk,1930,66915,Bob Dylan,Pop/Rock,1960
19040,45077,Leo Kottke,Folk,1960,339577,Meat Puppets,Pop/Rock,1980
4453,888730,Odetta,Folk,1940,66915,Bob Dylan,Pop/Rock,1960
25354,74134,Ian & Sylvia,Folk,1950,564239,The Turtles,Pop/Rock,1960
11431,744796,Townes Van Zandt,Folk,1960,176360,Charlie Robison,Country,1990
14744,154533,Ewan MacColl,Folk,1940,233136,Josh Ritter,Pop/Rock,1990
23033,744796,Townes Van Zandt,Folk,1960,488394,The Cave Singers,Pop/Rock,2000
25357,328352,The New Christy Minstrels,Folk,1960,564239,The Turtles,Pop/Rock,1960
23032,577531,Woody Guthrie,Folk,1930,488394,The Cave Singers,Pop/Rock,2000
31402,744796,Townes Van Zandt,Folk,1960,755152,The Avett Brothers,Pop/Rock,2000
31675,245019,Sandy Denny,Folk,1960,758208,Beth Orton,Pop/Rock,1990
31673,196969,John Martyn,Folk,1960,758208,Beth Orton,Pop/Rock,1990
31672,170815,Fred Neil,Folk,1960,758208,Beth Orton,Pop/Rock,1990
28163,286561,Robert Earl Keen,Folk,1980,636841,Ryan Bingham,Country,2000
29743,295545,Richie Havens,Folk,1960,685647,Yes,Pop/Rock,1960
19122,169202,Doc Watson,Folk,1940,341652,Roy Clark,Country,1950
28166,744796,Townes Van Zandt,Folk,1960,636841,Ryan Bingham,Country,2000
32126,69153,Joan Baez,Folk,1950,763301,The Fugs,Pop/Rock,1960
32131,266160,Pete Seeger,Folk,1930,763301,The Fugs,Pop/Rock,1960
4826,577531,Woody Guthrie,Folk,1930,74134,Ian & Sylvia,Folk,1950
19799,154533,Ewan MacColl,Folk,1940,359016,Richard Thompson,Pop/Rock,1960
11622,333634,Phil Ochs,Folk,1960,179205,Don McLean,Pop/Rock,1960
22987,607804,Alan Lomax,Folk,1930,487271,Mike Seeger,Folk,1950
23145,746068,Steeleye Span,Folk,1970,489876,The Pogues,Pop/Rock,1980
37423,756656,Bert Jansch,Folk,1960,863774,Ralph McTell,Folk,1960
5456,342768,Roscoe Holcomb,Folk,1950,82742,Iris DeMent,Country,1990
21396,69153,Joan Baez,Folk,1950,409670,Melanie,Pop/Rock,1960
22452,607804,Alan Lomax,Folk,1930,477116,Moby,Electronic,1980
36823,934721,Tom Paxton,Folk,1960,848034,Jim Croce,Pop/Rock,1960
29418,667794,Gordon Lightfoot,Folk,1950,675710,Marc Cohn,Pop/Rock,1990
5459,671156,Hazel Dickens,Folk,1950,82742,Iris DeMent,Country,1990
5460,744796,Townes Van Zandt,Folk,1960,82742,Iris DeMent,Country,1990
25151,888730,Odetta,Folk,1940,554963,Harry Chapin,Pop/Rock,1970
19401,69153,Joan Baez,Folk,1950,347151,Jewel,Pop/Rock,1990
21398,266160,Pete Seeger,Folk,1930,409670,Melanie,Pop/Rock,1960
25149,577531,Woody Guthrie,Folk,1930,554963,Harry Chapin,Pop/Rock,1970
24545,266160,Pete Seeger,Folk,1930,530745,Bruce Springsteen,Pop/Rock,1970
25148,333634,Phil Ochs,Folk,1960,554963,Harry Chapin,Pop/Rock,1970
25147,266160,Pete Seeger,Folk,1930,554963,Harry Chapin,Pop/Rock,1970
25146,93533,The Limeliters,Folk,1950,554963,Harry Chapin,Pop/Rock,1970
36820,667794,Gordon Lightfoot,Folk,1950,848034,Jim Croce,Pop/Rock,1960
36819,577531,Woody Guthrie,Folk,1930,848034,Jim Croce,Pop/Rock,1960
36818,517264,Tom Rush,Folk,1960,848034,Jim Croce,Pop/Rock,1960
19338,266160,Pete Seeger,Folk,1930,346336,Pink Floyd,Pop/Rock,1960
5465,855405,Kate & Anna McGarrigle,Folk,1970,82742,Iris DeMent,Country,1990
36817,93533,The Limeliters,Folk,1950,848034,Jim Croce,Pop/Rock,1960
36816,74134,Ian & Sylvia,Folk,1950,848034,Jim Croce,Pop/Rock,1960
6227,744796,Townes Van Zandt,Folk,1960,94764,"Bonnie ""Prince"" Billy",Pop/Rock,1990
4974,577531,Woody Guthrie,Folk,1930,75747,The Clash,Pop/Rock,1970
37421,528221,Dave Van Ronk,Folk,1950,863774,Ralph McTell,Folk,1960
21400,333634,Phil Ochs,Folk,1960,409670,Melanie,Pop/Rock,1960
27391,577531,Woody Guthrie,Folk,1930,617336,Tom Morello,Pop/Rock,1990
16506,112540,Cisco Houston,Folk,1940,274321,"Peter, Paul and Mary",Folk,1960
16505,102050,The Kingston Trio,Folk,1950,274321,"Peter, Paul and Mary",Folk,1960
16504,93533,The Limeliters,Folk,1950,274321,"Peter, Paul and Mary",Folk,1960
24551,577531,Woody Guthrie,Folk,1930,530745,Bruce Springsteen,Pop/Rock,1970
28178,528221,Dave Van Ronk,Folk,1950,638603,David Bromberg,Folk,1960
37393,626268,Buffy Sainte-Marie,Folk,1950,862902,Mary Youngblood,New Age,1990
27388,266160,Pete Seeger,Folk,1930,617336,Tom Morello,Pop/Rock,1990
19300,154533,Ewan MacColl,Folk,1940,345427,Roy Harper,Pop/Rock,1960
41049,295545,Richie Havens,Folk,1960,1006765,Rodriguez,Pop/Rock,1960
1694,607804,Alan Lomax,Folk,1930,24568,Shirley Collins,Folk,1950
37420,170815,Fred Neil,Folk,1960,863774,Ralph McTell,Folk,1960
41048,170815,Fred Neil,Folk,1960,1006765,Rodriguez,Pop/Rock,1960
19302,333634,Phil Ochs,Folk,1960,345427,Roy Harper,Pop/Rock,1960
19305,814036,Davy Graham,Folk,1960,345427,Roy Harper,Pop/Rock,1960
11245,934721,Tom Paxton,Folk,1960,175286,Dolly Parton,Country,1950
21402,536754,Burl Ives,Folk,1930,409670,Melanie,Pop/Rock,1960
11239,577531,Woody Guthrie,Folk,1930,175286,Dolly Parton,Country,1950
29430,451183,Michael Chapman,Folk,1960,675976,Glenn Jones,Pop/Rock,1990
37419,130115,Jackson C. Frank,Folk,1960,863774,Ralph McTell,Folk,1960
29429,223054,John Fahey,Folk,1950,675976,Glenn Jones,Pop/Rock,1990
21401,391398,Ramblin' Jack Elliott,Folk,1950,409670,Melanie,Pop/Rock,1960
5578,154533,Ewan MacColl,Folk,1940,84258,Kirsty MacColl,Pop/Rock,1980
22988,796950,Elizabeth Cotten,Folk,1950,487271,Mike Seeger,Folk,1950
40762,52900,The Lovin' Spoonful,Folk,1960,988440,Grateful Dead,Pop/Rock,1960
29450,69153,Joan Baez,Folk,1950,677352,Dar Williams,Folk,1990
25140,551465,Gillian Welch,Folk,1990,554804,The Wreckers,Country,2000
27754,266160,Pete Seeger,Folk,1930,626268,Buffy Sainte-Marie,Folk,1950
41012,626268,Buffy Sainte-Marie,Folk,1950,1002889,Crystal Shawanda,Country,2000
11153,744796,Townes Van Zandt,Folk,1960,174122,Lyle Lovett,Pop/Rock,1980
1293,274321,"Peter, Paul and Mary",Folk,1960,19297,America,Pop/Rock,1970
27365,934721,Tom Paxton,Folk,1960,616664,Todd Snider,Pop/Rock,1980
41015,245019,Sandy Denny,Folk,1960,1003087,Noah and the Whale,Pop/Rock,2000
41302,223054,John Fahey,Folk,1950,1431398,Will Ackerman,New Age,1970
41018,746068,Steeleye Span,Folk,1970,1003087,Noah and the Whale,Pop/Rock,2000
4299,274321,"Peter, Paul and Mary",Folk,1960,64149,The Hooters,Pop/Rock,1980
11711,52900,The Lovin' Spoonful,Folk,1960,180263,Flamin' Groovies,Pop/Rock,1960
16455,855405,Kate & Anna McGarrigle,Folk,1970,270770,Celtic Woman,International,2000
16454,829267,Loreena McKennitt,Folk,1980,270770,Celtic Woman,International,2000
16418,74134,Ian & Sylvia,Folk,1950,270491,Joni Mitchell,Pop/Rock,1960
16420,170815,Fred Neil,Folk,1960,270491,Joni Mitchell,Pop/Rock,1960
16422,266160,Pete Seeger,Folk,1930,270491,Joni Mitchell,Pop/Rock,1960
40715,934721,Tom Paxton,Folk,1960,987491,Gram Parsons,Pop/Rock,1960
31814,99561,The Incredible String Band,Folk,1960,758999,Boards of Canada,Electronic,1990
16423,299882,Karen Dalton,Folk,1960,270491,Joni Mitchell,Pop/Rock,1960
4946,154533,Ewan MacColl,Folk,1940,75591,The Corrs,Pop/Rock,1990
24869,934721,Tom Paxton,Folk,1960,543867,Guy Clark,Country,1970
24864,391398,Ramblin' Jack Elliott,Folk,1950,543867,Guy Clark,Country,1970
16427,577531,Woody Guthrie,Folk,1930,270491,Joni Mitchell,Pop/Rock,1960
16429,837150,Peggy Seeger,Folk,1950,270491,Joni Mitchell,Pop/Rock,1960
36729,814036,Davy Graham,Folk,1960,845625,Ronnie Lane,Pop/Rock,1960
40708,577531,Woody Guthrie,Folk,1930,987491,Gram Parsons,Pop/Rock,1960
16453,791120,The Roches,Folk,1970,270770,Celtic Woman,International,2000
27752,112540,Cisco Houston,Folk,1940,626268,Buffy Sainte-Marie,Folk,1950
41006,74134,Ian & Sylvia,Folk,1950,1002889,Crystal Shawanda,Country,2000
16417,69153,Joan Baez,Folk,1950,270491,Joni Mitchell,Pop/Rock,1960
27755,330967,The New Lost City Ramblers,Folk,1950,626268,Buffy Sainte-Marie,Folk,1950
27756,391398,Ramblin' Jack Elliott,Folk,1950,626268,Buffy Sainte-Marie,Folk,1950
27757,577531,Woody Guthrie,Folk,1930,626268,Buffy Sainte-Marie,Folk,1950
27758,669015,Malvina Reynolds,Folk,1960,626268,Buffy Sainte-Marie,Folk,1950
27759,888730,Odetta,Folk,1940,626268,Buffy Sainte-Marie,Folk,1950
10412,282766,Loudon Wainwright III,Folk,1970,163570,Ben Lee,Pop/Rock,1990
1280,671156,Hazel Dickens,Folk,1950,19241,Patty Loveless,Country,1970
11139,282766,Loudon Wainwright III,Folk,1970,174122,Lyle Lovett,Pop/Rock,1980
4611,934721,Tom Paxton,Folk,1960,69986,Kenny Rogers,Country,1950
5529,577531,Woody Guthrie,Folk,1930,83554,Billy Bragg,Pop/Rock,1980
5527,391398,Ramblin' Jack Elliott,Folk,1950,83554,Billy Bragg,Pop/Rock,1980
41300,45077,Leo Kottke,Folk,1960,1431398,Will Ackerman,New Age,1970
5525,333634,Phil Ochs,Folk,1960,83554,Billy Bragg,Pop/Rock,1980
5524,266160,Pete Seeger,Folk,1930,83554,Billy Bragg,Pop/Rock,1980
4614,196969,John Martyn,Folk,1960,70027,The Innocence Mission,Pop/Rock,1980
4311,52900,The Lovin' Spoonful,Folk,1960,64303,Badfinger,Pop/Rock,1960
5522,154533,Ewan MacColl,Folk,1940,83554,Billy Bragg,Pop/Rock,1980
18893,342768,Roscoe Holcomb,Folk,1950,334829,Jim & Jesse,Country,1940
14660,266160,Pete Seeger,Folk,1930,231645,Jean Ritchie,Folk,1940
14661,607804,Alan Lomax,Folk,1930,231645,Jean Ritchie,Folk,1940
1286,52900,The Lovin' Spoonful,Folk,1960,19297,America,Pop/Rock,1970
4617,855405,Kate & Anna McGarrigle,Folk,1970,70027,The Innocence Mission,Pop/Rock,1980
5515,24568,Shirley Collins,Folk,1950,83554,Billy Bragg,Pop/Rock,1980
23110,192925,John Renbourn,Folk,1960,489520,Mike Oldfield,New Age,1960
4970,333634,Phil Ochs,Folk,1960,75747,The Clash,Pop/Rock,1970
41317,99104,Vashti Bunyan,Folk,1960,1451327,Cate Le Bon,Pop/Rock,2000
31848,744796,Townes Van Zandt,Folk,1960,759224,Blaze Foley,Country,1970
10761,245019,Sandy Denny,Folk,1960,168256,Eva Cassidy,Pop/Rock,1980
11029,577531,Woody Guthrie,Folk,1930,172041,Joe Strummer,Pop/Rock,1970
25072,800426,Greg Brown,Folk,1980,551465,Gillian Welch,Folk,1990
29455,282766,Loudon Wainwright III,Folk,1970,677352,Dar Williams,Folk,1990
18948,130115,Jackson C. Frank,Folk,1960,336783,Nick Drake,Pop/Rock,1960
40779,577531,Woody Guthrie,Folk,1930,988440,Grateful Dead,Pop/Rock,1960
1999,295545,Richie Havens,Folk,1960,29791,Paul Weller,Pop/Rock,1970
29460,855405,Kate & Anna McGarrigle,Folk,1970,677352,Dar Williams,Folk,1990
16511,577531,Woody Guthrie,Folk,1930,274321,"Peter, Paul and Mary",Folk,1960
32206,74134,Ian & Sylvia,Folk,1950,764890,Ian Tyson,Country,1960
5630,756656,Bert Jansch,Folk,1960,85038,Iron and Wine,Pop/Rock,2000
29456,294923,Judy Collins,Folk,1950,677352,Dar Williams,Folk,1990
19414,294923,Judy Collins,Folk,1950,347151,Jewel,Pop/Rock,1990
19805,814036,Davy Graham,Folk,1960,359016,Richard Thompson,Pop/Rock,1960
16513,796950,Elizabeth Cotten,Folk,1950,274321,"Peter, Paul and Mary",Folk,1960
37370,837215,Lucinda Williams,Folk,1970,862761,Brett Dennen,Pop/Rock,2000
31326,328352,The New Christy Minstrels,Folk,1960,753963,The Association,Pop/Rock,1960
25074,837215,Lucinda Williams,Folk,1970,551465,Gillian Welch,Folk,1990
22985,342768,Roscoe Holcomb,Folk,1950,487271,Mike Seeger,Folk,1950
25414,744796,Townes Van Zandt,Folk,1960,566448,Justin Townes Earle,Country,2000
32209,536754,Burl Ives,Folk,1930,764890,Ian Tyson,Country,1960
11050,394449,Michael Hurley,Folk,1960,172167,Elliott Smith,Pop/Rock,1980
23114,756656,Bert Jansch,Folk,1960,489520,Mike Oldfield,New Age,1960
40783,796950,Elizabeth Cotten,Folk,1950,988440,Grateful Dead,Pop/Rock,1960
36862,99561,The Incredible String Band,Folk,1960,850692,Jethro Tull,Pop/Rock,1960
25070,671156,Hazel Dickens,Folk,1950,551465,Gillian Welch,Folk,1990
32211,577531,Woody Guthrie,Folk,1930,764890,Ian Tyson,Country,1960
32208,391398,Ramblin' Jack Elliott,Folk,1950,764890,Ian Tyson,Country,1960
16510,536754,Burl Ives,Folk,1930,274321,"Peter, Paul and Mary",Folk,1960
18949,170815,Fred Neil,Folk,1960,336783,Nick Drake,Pop/Rock,1960
28176,170815,Fred Neil,Folk,1960,638603,David Bromberg,Folk,1960
5417,223054,John Fahey,Folk,1950,81836,Alex de Grassi,New Age,1970
19800,223054,John Fahey,Folk,1950,359016,Richard Thompson,Pop/Rock,1960
16507,231645,Jean Ritchie,Folk,1940,274321,"Peter, Paul and Mary",Folk,1960
4652,333634,Phil Ochs,Folk,1960,70715,Bobby Darin,Pop/Rock,1950
19803,756656,Bert Jansch,Folk,1960,359016,Richard Thompson,Pop/Rock,1960
31324,102050,The Kingston Trio,Folk,1950,753963,The Association,Pop/Rock,1960
18955,756656,Bert Jansch,Folk,1960,336783,Nick Drake,Pop/Rock,1960
22983,169202,Doc Watson,Folk,1940,487271,Mike Seeger,Folk,1950
16508,266160,Pete Seeger,Folk,1930,274321,"Peter, Paul and Mary",Folk,1960
16509,391398,Ramblin' Jack Elliott,Folk,1950,274321,"Peter, Paul and Mary",Folk,1960
40770,169202,Doc Watson,Folk,1940,988440,Grateful Dead,Pop/Rock,1960
32207,266160,Pete Seeger,Folk,1930,764890,Ian Tyson,Country,1960
22984,231645,Jean Ritchie,Folk,1940,487271,Mike Seeger,Folk,1950
25071,782631,Cousin Emmy,Folk,1940,551465,Gillian Welch,Folk,1990
40773,391398,Ramblin' Jack Elliott,Folk,1950,988440,Grateful Dead,Pop/Rock,1960
11025,333634,Phil Ochs,Folk,1960,172041,Joe Strummer,Pop/Rock,1970
40793,154533,Ewan MacColl,Folk,1940,988471,Enya,New Age,1980
